,Population,raw_sequence,BBT,BFM,BG07,BG11,BG13,BG14,BG63,BKWH,BMB,BNBL,CR7,CR8,DBRE,E0220,ENERT,ERNW,ESTB,F01,F05,FGB,FMT,FTT,FYB,GGY,GKT,GOY,GPT,GTB,GYY,K0022,KGB,KPUR,KWYX,L04,L12,L13,L22,L24,L26,M0024,M0124,M0323,MOT,MPT,MYB,OBT,OGT,ORYE,OYY,P20,PBB,PFY,PO07,PO60,PO63,PO65,PO74,POB,PRB,PTT,PWY,RFB,RKPR,RKPU,RLOW,RPDT,RPT,RWB,SOWR,SPKA,SWPA,T011,T012,T031,T1011,T1711,T1712,T1911,T2412,T2612,T2712,TOB,TPB,UNK20,WB02,WB05,WB10,WB51,WB52,WB60,WB64,WB70,WBB,WBY,WFT,WHDG,WPB,WPKA,WRNW,WTY,WWT,YOT,YOY,YRY,YWY,YXYB,YXYK,AAGGAAZYNGJWLSBBAAIYNďZZvMN,AAAvvvJUUZXXdZZZZk,BJBBIďďYZoSďďQAAø,AAJJJJJJAATTNIoNďQAAIoN,LLLďďAAAAZYS,BBAAAZAdAZAAMNIQNBBLLLBBďQNAAAAďď,AAGGGďNLBBZďďNLSIZYNZďďNLS,BBGBBAAZMYSLďZZZBBBBWďNLN,ddddAAAAABZZMRo,AAAAAAAdAIďďQZSABIďď,BBBBBAAGAAHHďďNILNINMNďNBBGAAZZďďNZLN,BBBBIBBZZZďďQAAø,ZZZZvvZNQILvvZYS,BBAAZQBBAAZQ,AAAAZGGGZNNZWďďNLSIRYS,BBBBAAAALLLNZNZkAAZLkZkAAGZS,GZAZBdAMNISAABBJBAIYNďZZHMN,BBAAAGYNďďYAAZoNNHvNJJJvvJMYNAdIďďN,BBffęęBBMMZdWvdkdkWAHkkpAAUUZQdkWS,LLLLSøSøABffMMWvAAYpBBUUZ,AAGGddWddZLLdWępLNvvAAAAvNHQpHQpH,AAZZAAZkWZCCCCQpHQpBBfęMMZdWvddUUZkpZ,ķķęQWvAAUUQpHJQpBBffMMZWvdk,BBAAAAABBQpQpBBBBQAZpZBBBQ,AAIAAffMMWvďQpęQpAA,AZZABfMWZAZZpUUMpZBZAAZTLLM,ZZZBBffMWvAHYpUUMpZBAAAZM,AAACCCCCffďZďWTdUQpZAACCMMZZTdZZZR,JJJUUęJJJAAAAAAZZZZZAoòoWBB,AAAAAAAoSpZvHHZNZA,ABABHHpLTMpBAAAoTR,BBAAZGpZRRI,AABBBBMoNLNAAGGoNddLoXN,ZBGGLWZMRddHoSHN,HLNLRWBBHHZQR,ZAZAZZGGCCCCvvoWHHNR,AAAAAAvvvRWHHHLNR,BBCCCCGGBBBBvvRWHHLNR,AAAAeeeeBCRWWZHLNR,AAeeeBBAAvHRAACCCCZvLWHHNR,BBBBCCCCvHRWHHLNRAAGGBBAAAAøvZWZvvZZ,BBAAAAGGAAvvRWHHLNR,AAAAGBBCCvvHRWHHHLNRAAAAGGBBCCHHRZZZ,ZZAdvvHRWHHLNRAAAAGGCCCCvvoWHHLNR,AAAAAAGGddvvQWHHNR,BBAAAAvvoWHHNR,GAAAAGGBBZWHHNRAAAAvHRWHNR,AAAACCCCvvHRWHHHLNR,BBAAGGCCvHRWZHLNR,AAAAAAAAGGGBBvLUHHNRAAAAvvvHRZZNR,ABGGCCvvHRWHHNR,AAAAGGCCvvQWHHLNRBBeeeeAAvZRNRdM,AAAACCvHRZZHHLNR,AAAAGGGCCvHLUHHNRAAZAAAAvvRWHHN,CCZCCCCCvvHRWHLNRBBGCCCCvvHRWHHLNR,BBeeeeAAAAvvRWHHLNR,BBBBBBHHLNLRWBBHHLNLR,AAAAvvRWHHpLNR,AAAAGCCvHRWHHLNR,AAGGCCvHoWHHNRAAAAvHpMW,AAZvvvLLLZZWBBHHZWBBBBBBHHNLN,AAAAAAAAGGGGCCvvoWHNRBBBBGGCCvvHRWZNR,AAAAAAGGRWAGZN,AAAACCCCvHRWHHLNR,èBGAAAAGGddZoWHHNRAAAAvHoWHHNR,AAAAAAAAGGGRMWAAGRN,AAAABBvHRWHLNR,AAGGGCCvHLWHNRAAeeeAAAAvHRZZN,ABGGCCvHRWHHLNR,AABBGBBCCvvHRWGGLNR,ddGGCCvHRWGGLNR,BBBBCCCCvHLMWHHLNR,AAAffffBBBBZkZYMoXNZBddTMLZXNZ,AAffBBBBHLMoXNHZdLoCCGMoMddAAdLoXNH,AZAAZďoLoXNAAZZBBBBHLY,AAvvvJJMoXNLNBBBBGGddLNLo,BBZZBBGLYMLoXNHZdvNZoBBBBCCHoYNddvNLoXN,ZZAABBUUBBBBZkLYMoNZZdNNLN,NøAABBoøoNòNøAACCķķLLpBBèù,AAAøBBBBGGddùoøooòQø,AAAAAGGGddoøooòNøkLop,AAGAAddùoøoNòNøBBZZZopèùNø,BBGGdoøoNøZGddoøddoNøddGGLQoNø,AAAAķķZùkZZZpAAèèNø,AAęęęęęęAAHpBBdNøòNø,AAAAAAddòNøZBBZoøoNòNøBBZAGop,BBBAAABBBBkBBopAAùNøòNøAAGvQp,ABAZvoøoNøZGGLNø,BBBBBBCCCCCCCCUUZpèTSø,AAAAAAAZvNø,CCCCGGGZpAèTNøZGZToøoNòNøAAèèAAAAkvvkpTZN,ZZBBBBvvkkNèùNøCCZZZBBddoøoZòNøAA,GGGBBBBkkLLvpMpAAAGZGpZùNø,ZBZAAAAAAAAAAAAAAAAAZøoZBBAvNøķķLLvZZ,AAAAęAAķvvkpHkHkkNèùZø,GGGBBBBkkLLvpMN,AAffBZBBZkZkZZoXNZddvNLo,CCCCfffAAZBBCCGoYMBdZddLoXN,CCCCffffAAZBBBBGoYMBdAddLoXNH,BBAAGGoYNBBddLoXNHAAGddvNL,AAGGGoYZQopoBB,AAAAACCCCCCGGYNdddQo,AAZZBBGGBBZGGMoYNddTNZXNH,BBBBZkZkZMoXNAAddMNHoXNH,BZBBCCCCGGGMXNdddZNLo,BBBBffCCGZoYNZZddZMZoXNH
0,FL,AAAAAAAdAIďďQZSABIďď,,,,,,,,,,,,,,,,,,,,,,,,,,,,,,,,,,,,,,,L26,,,,,,,,,,,,,,,,,,,,,,,,,,,,,,,,,,,,,,,,,,,,,,,,,,,,,,,,,,,,,,,,,,,,,20.0,16.0,17.0,16.0,16.0,20.0,19.0,19.0,15.0,0.0,28.0,16.0,18.0,16.0,16.0,21.0,21.0,26.0,32.0,22.0,29.0,31.0,24.0,18.0,14.0,22.0,22.0,26.0,21.0,13.0,17.0,16.0,20.0,19.0,19.0,18.0,14.0,21.0,15.0,20.0,32.0,15.0,29.0,28.0,13.0,16.0,21.0,16.0,17.0,25.0,19.0,27.0,15.0,25.0,33.0,18.0,21.0,16.0,16.0,20.0,25.0,29.0,13.0,16.0,24.0,11.0,16.0,25.0,19.0,18.0,20.0,20.0,25.0,31.0,17.0,22.0,37.0,23.0,22.0,17.0,15.0,21.0,29.0,15.0,17.0,20.0,24.0,17.0,22.0,12.0,37.0,31.0,25.0,27.0,16.0,20.0,21.0,24.0,26.0,22.0,16.0,15.0,23.0,24.0,21.0,23.0
1,FL,AAAAZGGGZNNZWďďNLSIRYS,,,,,,,,,,,,,,,,,,,,,,,,,,,,,,,,,,,,,,,,,,,,,,,,,,,,,,,,,,,,,,,,,RLOW,,,,,,,,,,,,,,,,,,,,,,,,,,,,,,,,,,,,,,,,,,,20.0,18.0,19.0,19.0,18.0,24.0,15.0,21.0,19.0,16.0,30.0,18.0,16.0,18.0,0.0,20.0,24.0,27.0,31.0,24.0,28.0,30.0,25.0,22.0,17.0,23.0,25.0,29.0,25.0,17.0,19.0,16.0,19.0,18.0,19.0,16.0,15.0,20.0,15.0,22.0,33.0,15.0,29.0,28.0,14.0,17.0,19.0,15.0,15.0,24.0,17.0,24.0,15.0,23.0,31.0,20.0,19.0,15.0,14.0,20.0,24.0,28.0,15.0,15.0,23.0,16.0,15.0,25.0,16.0,18.0,17.0,19.0,24.0,31.0,17.0,21.0,34.0,22.0,21.0,19.0,14.0,20.0,27.0,16.0,19.0,22.0,25.0,16.0,22.0,16.0,35.0,30.0,26.0,30.0,18.0,18.0,19.0,24.0,25.0,21.0,16.0,17.0,20.0,21.0,19.0,20.0
2,FL,AAAvvvJUUZXXdZZZZk,,,,,,,,,,,,,DBRE,,,,,,,,,,,,,,,,,,,,,,,,,,,,,,,,,,,,,,,,,,,,,,,,,,,,,,,,,,,,,,,,,,,,,,,,,,,,,,,,,,,,,,,,,,,,,,,21.0,0.0,17.0,20.0,17.0,30.0,21.0,22.0,16.0,16.0,31.0,17.0,15.0,15.0,18.0,21.0,21.0,29.0,30.0,24.0,29.0,30.0,22.0,21.0,16.0,21.0,21.0,25.0,22.0,13.0,16.0,15.0,20.0,17.0,17.0,18.0,15.0,21.0,14.0,21.0,31.0,17.0,29.0,30.0,15.0,15.0,23.0,16.0,16.0,26.0,17.0,26.0,14.0,25.0,32.0,19.0,21.0,13.0,15.0,20.0,22.0,31.0,14.0,15.0,27.0,16.0,15.0,24.0,17.0,17.0,18.0,18.0,23.0,31.0,18.0,18.0,36.0,21.0,24.0,17.0,17.0,20.0,28.0,15.0,17.0,24.0,26.0,15.0,21.0,14.0,38.0,27.0,23.0,31.0,16.0,18.0,19.0,23.0,26.0,23.0,15.0,17.0,20.0,22.0,18.0,19.0
3,FL,AAGGAAZYNGJWLSBBAAIYNďZZvMN,,,,,,,,BKWH,,,,,,,,,,,,,,,,,,,,,,,,,,,,,,,,,,,,,,,,,,,,,,,,,,,,,,,,,,,,,,,,,,,,,,,,,,,,,,,,,,,,,,,,,,,,,,,,,,,,0.0,21.0,24.0,21.0,23.0,25.0,20.0,20.0,21.0,20.0,26.0,24.0,23.0,19.0,20.0,24.0,15.0,25.0,31.0,24.0,24.0,29.0,23.0,21.0,22.0,23.0,25.0,27.0,26.0,20.0,22.0,22.0,20.0,22.0,22.0,22.0,21.0,24.0,21.0,24.0,27.0,22.0,29.0,29.0,21.0,23.0,21.0,22.0,23.0,24.0,22.0,24.0,22.0,24.0,29.0,25.0,23.0,21.0,21.0,19.0,25.0,28.0,18.0,22.0,23.0,19.0,21.0,21.0,22.0,22.0,23.0,25.0,26.0,30.0,20.0,22.0,32.0,22.0,25.0,23.0,21.0,22.0,25.0,20.0,22.0,23.0,24.0,22.0,27.0,19.0,32.0,30.0,22.0,29.0,21.0,20.0,23.0,25.0,26.0,21.0,20.0,21.0,22.0,24.0,25.0,25.0
4,FL,AAGGGďNLBBZďďNLSIZYNZďďNLS,,,,,,,,,,,,,,,,,,,,,,,,,,,,,,,,,,,,L13,,,,,,,,,,,,,,,,,,,,,,,,,,,,,,,,,,,,,,,,,,,,,,,,,,,,,,,,,,,,,,,,,,,,,,,,20.0,21.0,20.0,22.0,20.0,28.0,0.0,21.0,23.0,19.0,24.0,20.0,21.0,23.0,15.0,24.0,23.0,26.0,31.0,24.0,26.0,33.0,27.0,24.0,23.0,23.0,26.0,28.0,26.0,20.0,23.0,22.0,21.0,21.0,23.0,23.0,22.0,23.0,21.0,23.0,34.0,23.0,32.0,30.0,23.0,23.0,21.0,23.0,21.0,27.0,22.0,26.0,21.0,24.0,31.0,24.0,20.0,22.0,21.0,21.0,23.0,30.0,22.0,22.0,26.0,23.0,21.0,23.0,21.0,20.0,22.0,23.0,24.0,30.0,20.0,21.0,31.0,19.0,26.0,22.0,23.0,21.0,25.0,21.0,22.0,23.0,25.0,21.0,23.0,22.0,35.0,30.0,23.0,31.0,23.0,19.0,18.0,25.0,27.0,19.0,20.0,22.0,19.0,23.0,22.0,22.0
5,FL,AAJJJJJJAATTNIoNďQAAIoN,,,,,,,,,,,,,,,,,,,,,,,,,,,,,,,,,KWYX,,,,,,,,,,,,,,,,,,,,,,,,,,,,,,,,,,,,,,,,,,,,,,,,,,,,,,,,,,,,,,,,,,,,,,,,,,,21.0,20.0,18.0,0.0,19.0,23.0,22.0,24.0,20.0,16.0,28.0,19.0,22.0,19.0,19.0,24.0,21.0,26.0,32.0,24.0,27.0,34.0,26.0,24.0,18.0,23.0,22.0,29.0,19.0,19.0,19.0,20.0,19.0,21.0,22.0,21.0,19.0,23.0,19.0,22.0,33.0,21.0,31.0,29.0,18.0,20.0,22.0,20.0,21.0,27.0,21.0,26.0,19.0,25.0,32.0,21.0,23.0,19.0,19.0,20.0,26.0,32.0,17.0,19.0,25.0,16.0,19.0,23.0,21.0,21.0,22.0,23.0,25.0,27.0,22.0,19.0,34.0,21.0,24.0,20.0,19.0,22.0,26.0,18.0,18.0,23.0,23.0,19.0,23.0,17.0,33.0,30.0,25.0,31.0,21.0,22.0,20.0,23.0,23.0,22.0,19.0,19.0,20.0,22.0,22.0,22.0
6,FL,BBAAAGYNďďYAAZoNNHvNJJJvvJMYNAdIďďN,,,,,,,,,,,,,,,,,,,,,,,,,,,,,,,,,,,,,,,,,,,,,,,,,,,,,,,,,,,,,,,,,,,,,,,,,,,,,,,,,,,,,,,,,,,,,,,,,,,,,,,,,,,YXYK,25.0,29.0,28.0,26.0,30.0,24.0,26.0,27.0,31.0,26.0,29.0,31.0,30.0,28.0,27.0,27.0,28.0,0.0,32.0,32.0,31.0,35.0,30.0,28.0,29.0,31.0,32.0,30.0,33.0,27.0,30.0,28.0,27.0,30.0,33.0,30.0,27.0,31.0,30.0,29.0,33.0,26.0,31.0,33.0,27.0,26.0,28.0,29.0,27.0,30.0,31.0,29.0,29.0,28.0,33.0,29.0,30.0,29.0,29.0,28.0,30.0,32.0,28.0,29.0,28.0,27.0,29.0,29.0,31.0,31.0,32.0,31.0,30.0,29.0,29.0,29.0,29.0,29.0,30.0,32.0,29.0,29.0,30.0,30.0,29.0,29.0,28.0,30.0,33.0,27.0,36.0,34.0,33.0,31.0,28.0,31.0,29.0,30.0,30.0,24.0,30.0,27.0,30.0,29.0,31.0,29.0
7,FL,BBAAAZAdAZAAMNIQNBBLLLBBďQNAAAAďď,,,,,,,,,,,,,,,,,,,,,,,,,,,,,,,,,,,L12,,,,,,,,,,,,,,,,,,,,,,,,,,,,,,,,,,,,,,,,,,,,,,,,,,,,,,,,,,,,,,,,,,,,,,,,,25.0,30.0,27.0,23.0,26.0,0.0,28.0,24.0,27.0,20.0,25.0,24.0,28.0,23.0,24.0,24.0,23.0,24.0,31.0,29.0,31.0,31.0,28.0,21.0,25.0,28.0,28.0,32.0,30.0,24.0,26.0,26.0,27.0,29.0,29.0,28.0,25.0,27.0,27.0,29.0,31.0,23.0,32.0,32.0,26.0,26.0,27.0,27.0,27.0,26.0,31.0,27.0,27.0,29.0,32.0,25.0,26.0,27.0,27.0,29.0,27.0,30.0,26.0,27.0,28.0,24.0,26.0,30.0,30.0,29.0,30.0,28.0,29.0,31.0,25.0,25.0,32.0,27.0,27.0,28.0,27.0,25.0,30.0,26.0,26.0,25.0,25.0,27.0,31.0,25.0,36.0,29.0,32.0,26.0,26.0,29.0,29.0,29.0,28.0,25.0,27.0,27.0,28.0,26.0,29.0,28.0
8,FL,BBAAZQBBAAZQ,,,,,,,,,,,,,,,,,,,,,,,,,,,,,,,,,,,,,,,,,,,,,,,,,,,,,,,,,,,,,,,,RKPU,,,,,,,,,,,,,,,,,,,,,,,,,,,,,,,,,,,,,,,,,,,,19.0,15.0,13.0,19.0,10.0,23.0,23.0,18.0,12.0,16.0,28.0,11.0,13.0,0.0,18.0,20.0,20.0,28.0,26.0,20.0,29.0,30.0,21.0,16.0,16.0,20.0,18.0,28.0,23.0,14.0,13.0,7.0,19.0,14.0,9.0,18.0,15.0,17.0,14.0,20.0,27.0,13.0,29.0,30.0,15.0,10.0,20.0,17.0,12.0,26.0,14.0,24.0,13.0,26.0,32.0,15.0,17.0,12.0,14.0,21.0,24.0,32.0,10.0,15.0,24.0,15.0,12.0,24.0,14.0,17.0,15.0,16.0,25.0,30.0,16.0,23.0,34.0,21.0,22.0,16.0,19.0,21.0,26.0,14.0,16.0,23.0,20.0,13.0,19.0,9.0,36.0,27.0,21.0,29.0,19.0,13.0,20.0,22.0,23.0,18.0,13.0,17.0,21.0,19.0,18.0,20.0
9,FL,BBBBAAAALLLNZNZkAAZLkZkAAGZS,,,,,,,,,,,,,,,,,,,,,,,,,,,,,,,,,,,,,,,,,,,,,,,,,,,,,,,,,,,,,,,,,,,,,,,,,,,,,,,,,,,,,,,,,,,,,,,,WHDG,,,,,,,,,,,,24.0,21.0,22.0,24.0,20.0,24.0,24.0,19.0,21.0,21.0,24.0,19.0,24.0,20.0,20.0,0.0,25.0,27.0,26.0,25.0,28.0,33.0,26.0,21.0,23.0,24.0,23.0,30.0,25.0,20.0,22.0,22.0,22.0,25.0,25.0,25.0,23.0,25.0,23.0,25.0,26.0,20.0,30.0,30.0,24.0,22.0,23.0,24.0,22.0,25.0,26.0,29.0,22.0,27.0,32.0,22.0,21.0,23.0,23.0,25.0,26.0,31.0,19.0,23.0,23.0,20.0,23.0,24.0,26.0,25.0,27.0,22.0,26.0,29.0,21.0,26.0,30.0,23.0,23.0,25.0,23.0,23.0,28.0,19.0,24.0,22.0,19.0,23.0,23.0,21.0,34.0,26.0,22.0,26.0,20.0,24.0,22.0,26.0,28.0,23.0,25.0,24.0,26.0,21.0,23.0,20.0
10,FL,BBBBBAAGAAHHďďNILNINMNďNBBGAAZZďďNZLN,,,,,,,,,,,,,,,,,,,,,,,,,,,,,,,,,,,,,,,,,,,,,,,,ORYE,,,,,,,,,,,,,,,,,,,,,,,,,,,,,,,,,,,,,,,,,,,,,,,,,,,,,,,,,,,,26.0,31.0,29.0,28.0,32.0,25.0,24.0,24.0,30.0,28.0,0.0,26.0,34.0,28.0,30.0,24.0,28.0,29.0,33.0,33.0,32.0,35.0,32.0,27.0,31.0,29.0,29.0,32.0,34.0,30.0,28.0,31.0,29.0,32.0,31.0,34.0,32.0,31.0,30.0,33.0,27.0,27.0,32.0,32.0,32.0,30.0,30.0,32.0,30.0,28.0,34.0,29.0,30.0,29.0,33.0,30.0,24.0,32.0,31.0,31.0,30.0,30.0,30.0,32.0,29.0,29.0,30.0,28.0,32.0,31.0,33.0,29.0,30.0,31.0,27.0,28.0,30.0,28.0,33.0,32.0,32.0,26.0,32.0,30.0,31.0,30.0,28.0,32.0,31.0,29.0,35.0,29.0,29.0,30.0,31.0,32.0,31.0,31.0,31.0,26.0,32.0,32.0,31.0,29.0,29.0,29.0
11,FL,BBBBIBBZZZďďQAAø,,,,,,,,,,,,,,,,,,,,,,,,,,,,,,,,,,,,,,,,,,,,,,,,,,P20,,,,,,,,,,,,,,,,,,,,,,,,,,,,,,,,,,,,,,,,,,,,,,,,,,,,,,,,,,24.0,17.0,6.0,19.0,15.0,24.0,20.0,18.0,16.0,16.0,26.0,0.0,16.0,11.0,18.0,19.0,22.0,31.0,27.0,22.0,30.0,34.0,25.0,19.0,16.0,21.0,21.0,29.0,24.0,17.0,14.0,13.0,19.0,15.0,13.0,20.0,17.0,16.0,17.0,23.0,29.0,17.0,32.0,31.0,17.0,14.0,21.0,19.0,15.0,29.0,15.0,30.0,15.0,29.0,32.0,17.0,16.0,16.0,16.0,21.0,25.0,33.0,16.0,17.0,26.0,17.0,14.0,27.0,15.0,15.0,16.0,14.0,24.0,28.0,20.0,23.0,33.0,19.0,23.0,15.0,20.0,20.0,25.0,15.0,19.0,25.0,21.0,14.0,16.0,14.0,36.0,25.0,19.0,33.0,21.0,13.0,18.0,24.0,24.0,20.0,15.0,20.0,20.0,17.0,18.0,17.0
12,FL,BBGBBAAZMYSLďZZZBBBBWďNLN,,,,,,,,,,,,,,,,,,,,,,,,,,,,,,,,,,,,,L22,,,,,,,,,,,,,,,,,,,,,,,,,,,,,,,,,,,,,,,,,,,,,,,,,,,,,,,,,,,,,,,,,,,,,,,20.0,22.0,20.0,24.0,22.0,24.0,21.0,0.0,21.0,19.0,24.0,18.0,22.0,18.0,21.0,19.0,21.0,27.0,29.0,24.0,30.0,32.0,24.0,21.0,22.0,22.0,22.0,32.0,23.0,20.0,21.0,19.0,20.0,20.0,22.0,22.0,22.0,20.0,20.0,22.0,29.0,19.0,30.0,29.0,22.0,20.0,23.0,22.0,19.0,29.0,22.0,29.0,20.0,28.0,29.0,20.0,16.0,22.0,21.0,24.0,20.0,30.0,21.0,21.0,24.0,22.0,20.0,27.0,21.0,20.0,22.0,18.0,24.0,29.0,17.0,21.0,25.0,20.0,24.0,23.0,23.0,22.0,25.0,19.0,21.0,25.0,24.0,20.0,21.0,21.0,36.0,24.0,22.0,29.0,23.0,20.0,20.0,22.0,24.0,21.0,20.0,23.0,22.0,20.0,20.0,19.0
13,FL,BJBBIďďYZoSďďQAAø,,,,,,,,,,,,,,,,,,,,,,,,,,,,,,,,KPUR,,,,,,,,,,,,,,,,,,,,,,,,,,,,,,,,,,,,,,,,,,,,,,,,,,,,,,,,,,,,,,,,,,,,,,,,,,,,24.0,17.0,0.0,18.0,15.0,27.0,20.0,20.0,17.0,17.0,29.0,6.0,17.0,13.0,19.0,22.0,24.0,28.0,29.0,23.0,30.0,34.0,26.0,22.0,16.0,23.0,20.0,30.0,24.0,17.0,16.0,14.0,19.0,16.0,16.0,20.0,17.0,20.0,18.0,24.0,30.0,18.0,32.0,31.0,18.0,14.0,23.0,19.0,16.0,30.0,16.0,30.0,17.0,29.0,32.0,18.0,18.0,17.0,17.0,21.0,27.0,35.0,17.0,17.0,25.0,17.0,17.0,27.0,16.0,17.0,17.0,15.0,25.0,28.0,20.0,24.0,34.0,21.0,24.0,16.0,20.0,24.0,25.0,17.0,19.0,26.0,23.0,15.0,18.0,15.0,37.0,27.0,21.0,33.0,21.0,16.0,19.0,24.0,26.0,22.0,15.0,20.0,21.0,19.0,18.0,19.0
14,FL,GZAZBdAMNISAABBJBAIYNďZZHMN,,,,,,,,,,,,,,,,,,,,,,,,,,,,,,,,,,,,,,,,,,,,,,,,,,,,,,,,,,,,,,,,,,,,,,,,,,,,,,,,,,,,,,,,,,,,,,,,,,,,,,,,,,YXYB,,15.0,21.0,24.0,21.0,22.0,23.0,23.0,21.0,20.0,21.0,28.0,22.0,22.0,20.0,24.0,25.0,0.0,28.0,30.0,25.0,28.0,31.0,24.0,21.0,22.0,24.0,22.0,30.0,25.0,22.0,22.0,23.0,20.0,23.0,23.0,22.0,22.0,22.0,21.0,23.0,30.0,21.0,30.0,26.0,22.0,21.0,23.0,22.0,22.0,28.0,24.0,28.0,21.0,27.0,29.0,22.0,23.0,23.0,22.0,24.0,24.0,31.0,20.0,22.0,25.0,22.0,20.0,24.0,24.0,23.0,25.0,24.0,27.0,31.0,21.0,23.0,29.0,21.0,24.0,23.0,24.0,24.0,28.0,23.0,22.0,24.0,25.0,22.0,26.0,21.0,32.0,28.0,23.0,29.0,23.0,20.0,25.0,24.0,25.0,24.0,24.0,23.0,23.0,23.0,24.0,25.0
15,FL,LLLďďAAAAZYS,,,,,,,,,,,,,,,,,,,,,,,,,,,,,,,,,,L04,,,,,,,,,,,,,,,,,,,,,,,,,,,,,,,,,,,,,,,,,,,,,,,,,,,,,,,,,,,,,,,,,,,,,,,,,,23.0,17.0,15.0,19.0,0.0,26.0,20.0,22.0,10.0,16.0,32.0,15.0,13.0,10.0,18.0,20.0,22.0,30.0,29.0,19.0,26.0,35.0,24.0,22.0,18.0,23.0,21.0,29.0,22.0,15.0,14.0,11.0,21.0,14.0,10.0,20.0,16.0,21.0,17.0,21.0,30.0,16.0,30.0,28.0,17.0,13.0,22.0,19.0,16.0,27.0,15.0,28.0,15.0,26.0,33.0,15.0,19.0,14.0,16.0,19.0,25.0,33.0,12.0,17.0,26.0,15.0,14.0,23.0,15.0,19.0,15.0,18.0,28.0,31.0,18.0,24.0,35.0,24.0,24.0,20.0,21.0,25.0,29.0,17.0,18.0,27.0,25.0,15.0,20.0,8.0,37.0,32.0,20.0,32.0,20.0,15.0,23.0,23.0,25.0,23.0,14.0,19.0,23.0,22.0,20.0,22.0
16,FL,ZZZZvvZNQILvvZYS,,,,,,,,,,,,,,,,,,,,,,,,,,,,,,,,,,,,,,,,,,,,,,,,,,,,,,,,,,,,,,,RKPR,,,,,,,,,,,,,,,,,,,,,,,,,,,,,,,,,,,,,,,,,,,,,23.0,15.0,17.0,22.0,13.0,28.0,21.0,22.0,16.0,18.0,34.0,16.0,0.0,13.0,16.0,24.0,22.0,30.0,30.0,23.0,29.0,30.0,24.0,24.0,19.0,22.0,20.0,31.0,26.0,16.0,18.0,14.0,22.0,14.0,15.0,15.0,16.0,19.0,17.0,24.0,32.0,18.0,32.0,26.0,17.0,16.0,23.0,18.0,17.0,28.0,16.0,27.0,16.0,27.0,28.0,18.0,20.0,14.0,16.0,20.0,24.0,31.0,15.0,17.0,27.0,19.0,15.0,25.0,16.0,19.0,16.0,17.0,26.0,33.0,19.0,23.0,33.0,22.0,24.0,20.0,21.0,24.0,28.0,17.0,20.0,25.0,28.0,14.0,20.0,15.0,35.0,27.0,23.0,30.0,20.0,14.0,19.0,25.0,28.0,24.0,15.0,20.0,21.0,20.0,19.0,21.0
17,FL,ddddAAAAABZZMRo,,,,,,,,,,,,,,,,,,,,,,,,,,,,,,,,,,,,,,L24,,,,,,,,,,,,,,,,,,,,,,,,,,,,,,,,,,,,,,,,,,,,,,,,,,,,,,,,,,,,,,,,,,,,,,21.0,16.0,17.0,20.0,10.0,27.0,23.0,21.0,0.0,15.0,30.0,16.0,16.0,12.0,19.0,21.0,20.0,31.0,27.0,22.0,25.0,32.0,23.0,20.0,18.0,23.0,23.0,29.0,19.0,13.0,17.0,11.0,20.0,16.0,13.0,19.0,15.0,19.0,16.0,21.0,29.0,15.0,30.0,27.0,16.0,12.0,21.0,18.0,16.0,26.0,15.0,28.0,14.0,26.0,32.0,15.0,20.0,14.0,15.0,19.0,27.0,31.0,12.0,16.0,24.0,13.0,13.0,24.0,15.0,19.0,13.0,18.0,26.0,32.0,19.0,23.0,36.0,23.0,24.0,19.0,19.0,21.0,25.0,17.0,17.0,23.0,25.0,15.0,21.0,9.0,36.0,30.0,21.0,30.0,20.0,15.0,21.0,22.0,24.0,22.0,14.0,18.0,22.0,21.0,19.0,20.0
18,GA,AAACCCCCffďZďWTdUQpZAACCMMZZTdZZZR,,,,,,,,,,,,,,,,,,,,,,,,,,,,,,,,,,,,,,,,,,,,,,,,,,,,,,,,,,,,,,,,,,,,,,,,,,,,,,,,,,,,,,,,,,,,,,,,,,,WRNW,,,,,,,,,27.0,25.0,30.0,29.0,29.0,32.0,28.0,32.0,29.0,26.0,32.0,29.0,31.0,28.0,29.0,30.0,30.0,30.0,30.0,30.0,29.0,29.0,28.0,30.0,27.0,27.0,27.0,0.0,31.0,26.0,26.0,30.0,29.0,31.0,31.0,28.0,28.0,29.0,28.0,26.0,28.0,30.0,27.0,30.0,28.0,30.0,27.0,25.0,28.0,26.0,29.0,28.0,26.0,27.0,26.0,31.0,32.0,28.0,27.0,26.0,29.0,31.0,28.0,25.0,29.0,28.0,29.0,26.0,29.0,29.0,30.0,28.0,26.0,31.0,27.0,31.0,35.0,29.0,29.0,30.0,30.0,29.0,32.0,27.0,30.0,29.0,31.0,30.0,29.0,28.0,35.0,32.0,29.0,32.0,29.0,32.0,26.0,25.0,27.0,30.0,30.0,25.0,28.0,30.0,27.0,28.0
19,GA,AAGGddWddZLLdWępLNvvAAAAvNHQpHQpH,,,,,,,,,,,,,,,,ERNW,,,,,,,,,,,,,,,,,,,,,,,,,,,,,,,,,,,,,,,,,,,,,,,,,,,,,,,,,,,,,,,,,,,,,,,,,,,,,,,,,,,,,,,,,,,,24.0,29.0,30.0,27.0,26.0,31.0,26.0,30.0,25.0,29.0,32.0,30.0,29.0,29.0,28.0,28.0,28.0,31.0,30.0,30.0,0.0,31.0,31.0,30.0,26.0,28.0,30.0,29.0,31.0,28.0,27.0,30.0,26.0,26.0,29.0,27.0,27.0,29.0,28.0,28.0,31.0,29.0,27.0,29.0,25.0,27.0,22.0,27.0,28.0,26.0,26.0,28.0,28.0,24.0,30.0,27.0,30.0,27.0,28.0,20.0,27.0,33.0,27.0,28.0,22.0,27.0,26.0,22.0,27.0,28.0,28.0,29.0,31.0,31.0,27.0,29.0,36.0,30.0,29.0,29.0,27.0,26.0,28.0,26.0,28.0,28.0,29.0,29.0,32.0,26.0,33.0,33.0,24.0,32.0,28.0,27.0,27.0,32.0,31.0,26.0,27.0,29.0,28.0,26.0,31.0,30.0
20,GA,AAIAAffMMWvďQpęQpAA,,,,,,,,,,,,,,,,,,,,,,,,,,,,,,,,,,,,,,,,,,,,,,,,,,,,,,,,,,,,,,,,,,,,,,SPKA,,,,,,,,,,,,,,,,,,,,,,,,,,,,,,,,,,,,,,22.0,16.0,16.0,18.0,18.0,25.0,23.0,22.0,18.0,14.0,31.0,16.0,19.0,16.0,17.0,23.0,22.0,29.0,27.0,17.0,26.0,28.0,24.0,20.0,0.0,20.0,17.0,27.0,24.0,14.0,17.0,16.0,21.0,18.0,17.0,18.0,14.0,20.0,15.0,22.0,33.0,16.0,30.0,28.0,13.0,16.0,21.0,15.0,16.0,26.0,17.0,26.0,15.0,25.0,32.0,18.0,21.0,13.0,14.0,19.0,26.0,32.0,14.0,14.0,25.0,15.0,14.0,24.0,17.0,16.0,18.0,19.0,25.0,30.0,20.0,22.0,37.0,24.0,23.0,18.0,17.0,21.0,29.0,15.0,18.0,24.0,24.0,17.0,21.0,14.0,38.0,31.0,23.0,32.0,18.0,18.0,22.0,25.0,26.0,23.0,16.0,16.0,22.0,23.0,21.0,23.0
21,GA,AAZZAAZkWZCCCCQpHQpBBfęMMZdWvddUUZkpZ,,,,,,,,,,,,,,,,,ESTB,,,,,,,,,,,,,,,,,,,,,,,,,,,,,,,,,,,,,,,,,,,,,,,,,,,,,,,,,,,,,,,,,,,,,,,,,,,,,,,,,,,,,,,,,,,29.0,30.0,34.0,34.0,35.0,31.0,33.0,32.0,32.0,31.0,35.0,34.0,30.0,30.0,30.0,33.0,31.0,35.0,35.0,31.0,31.0,0.0,22.0,28.0,28.0,28.0,29.0,29.0,36.0,29.0,32.0,32.0,33.0,31.0,33.0,28.0,32.0,30.0,31.0,31.0,35.0,34.0,31.0,33.0,31.0,34.0,32.0,27.0,31.0,30.0,32.0,28.0,29.0,29.0,32.0,35.0,34.0,31.0,29.0,31.0,30.0,28.0,31.0,27.0,33.0,31.0,30.0,30.0,32.0,31.0,33.0,30.0,30.0,32.0,30.0,31.0,33.0,30.0,33.0,31.0,32.0,30.0,35.0,31.0,30.0,30.0,32.0,33.0,32.0,31.0,37.0,34.0,32.0,33.0,30.0,34.0,30.0,30.0,31.0,33.0,31.0,26.0,27.0,32.0,27.0,32.0
22,GA,AZZABfMWZAZZpUUMpZBZAAZTLLM,,,,,,,,,,,,,,,,,,,,,,,,,,,,,,,,,,,,,,,,,,,,,,,,,,,,,,,,,,,,,,,,,,,,,,,SWPA,,,,,,,,,,,,,,,,,,,,,,,,,,,,,,,,,,,,,23.0,21.0,23.0,23.0,23.0,28.0,23.0,22.0,23.0,22.0,29.0,21.0,22.0,20.0,23.0,24.0,24.0,31.0,28.0,25.0,28.0,28.0,24.0,23.0,20.0,0.0,10.0,27.0,23.0,20.0,17.0,22.0,24.0,23.0,24.0,21.0,23.0,25.0,22.0,24.0,31.0,24.0,31.0,28.0,24.0,25.0,25.0,23.0,23.0,28.0,25.0,25.0,21.0,26.0,31.0,24.0,24.0,22.0,23.0,23.0,23.0,34.0,22.0,23.0,26.0,21.0,22.0,26.0,24.0,23.0,26.0,24.0,23.0,28.0,20.0,23.0,32.0,21.0,25.0,24.0,23.0,23.0,28.0,20.0,23.0,25.0,25.0,21.0,23.0,21.0,35.0,28.0,23.0,29.0,23.0,24.0,21.0,24.0,24.0,25.0,22.0,24.0,22.0,24.0,22.0,22.0
23,GA,BBAAAAABBQpQpBBBBQAZpZBBBQ,,,,,,,,,,,,,,,,,,,,,,,,,,,,,,,,,,,,,,,,,,,,,,,,,,,,,,,,,,,,,,,,,,,,,SOWR,,,,,,,,,,,,,,,,,,,,,,,,,,,,,,,,,,,,,,,21.0,21.0,22.0,24.0,22.0,21.0,24.0,21.0,20.0,18.0,27.0,19.0,24.0,16.0,22.0,21.0,21.0,28.0,28.0,23.0,30.0,28.0,20.0,0.0,20.0,23.0,23.0,30.0,25.0,18.0,20.0,20.0,22.0,25.0,23.0,24.0,21.0,20.0,20.0,23.0,29.0,20.0,29.0,32.0,20.0,20.0,20.0,22.0,21.0,25.0,24.0,25.0,21.0,27.0,32.0,23.0,21.0,21.0,22.0,23.0,24.0,28.0,19.0,22.0,24.0,20.0,20.0,28.0,24.0,21.0,26.0,22.0,26.0,32.0,20.0,22.0,33.0,22.0,22.0,19.0,21.0,21.0,27.0,21.0,22.0,21.0,20.0,23.0,20.0,19.0,39.0,28.0,23.0,26.0,20.0,21.0,22.0,23.0,24.0,21.0,20.0,21.0,23.0,24.0,23.0,22.0
24,GA,BBffęęBBMMZdWvdkdkWAHkkpAAUUZQdkWS,,,,,,,,,,BNBL,,,,,,,,,,,,,,,,,,,,,,,,,,,,,,,,,,,,,,,,,,,,,,,,,,,,,,,,,,,,,,,,,,,,,,,,,,,,,,,,,,,,,,,,,,,,,,,,,,31.0,30.0,29.0,32.0,29.0,31.0,31.0,29.0,27.0,32.0,33.0,27.0,30.0,26.0,31.0,26.0,30.0,32.0,0.0,28.0,30.0,35.0,29.0,28.0,27.0,28.0,27.0,30.0,31.0,30.0,29.0,29.0,29.0,29.0,29.0,31.0,31.0,29.0,31.0,30.0,30.0,29.0,33.0,34.0,30.0,29.0,28.0,31.0,29.0,32.0,30.0,30.0,31.0,31.0,33.0,29.0,29.0,30.0,31.0,28.0,31.0,35.0,31.0,31.0,28.0,31.0,29.0,30.0,30.0,30.0,31.0,27.0,29.0,29.0,31.0,33.0,34.0,30.0,31.0,29.0,31.0,32.0,28.0,29.0,29.0,32.0,27.0,30.0,27.0,30.0,37.0,32.0,27.0,34.0,27.0,29.0,26.0,32.0,32.0,26.0,32.0,32.0,31.0,26.0,30.0,29.0
25,GA,LLLLSøSøABffMMWvAAYpBBUUZ,,,,,,,,,,,,,,,ENERT,,,,,,,,,,,,,,,,,,,,,,,,,,,,,,,,,,,,,,,,,,,,,,,,,,,,,,,,,,,,,,,,,,,,,,,,,,,,,,,,,,,,,,,,,,,,,24.0,24.0,23.0,24.0,19.0,29.0,24.0,24.0,22.0,22.0,33.0,22.0,23.0,20.0,24.0,25.0,25.0,32.0,28.0,0.0,30.0,31.0,26.0,23.0,17.0,25.0,20.0,30.0,26.0,23.0,22.0,22.0,25.0,23.0,21.0,24.0,23.0,23.0,23.0,25.0,31.0,23.0,31.0,31.0,23.0,23.0,24.0,23.0,23.0,29.0,22.0,30.0,23.0,29.0,32.0,23.0,24.0,22.0,23.0,23.0,25.0,33.0,22.0,23.0,28.0,20.0,22.0,26.0,22.0,23.0,24.0,23.0,27.0,31.0,22.0,25.0,36.0,25.0,23.0,23.0,24.0,25.0,28.0,23.0,22.0,26.0,27.0,23.0,24.0,22.0,36.0,30.0,23.0,31.0,24.0,22.0,25.0,25.0,26.0,24.0,22.0,23.0,23.0,24.0,24.0,25.0
26,GA,ZZZBBffMWvAHYpUUMpZBAAAZM,,,,,,,,,,,,,,,,,,,,,,,,,,,,,,,,,,,,,,,,,,,,,,,,,,,,,,,,,,,,,,,,,,,,,,,,,,,,,,,,,,,,,,,,,,,,,,,,,,WPKA,,,,,,,,,,25.0,21.0,20.0,22.0,21.0,28.0,26.0,22.0,23.0,22.0,29.0,21.0,20.0,18.0,25.0,23.0,22.0,32.0,27.0,20.0,30.0,29.0,24.0,23.0,17.0,10.0,0.0,27.0,24.0,21.0,17.0,20.0,22.0,21.0,22.0,23.0,24.0,23.0,24.0,24.0,28.0,22.0,30.0,29.0,24.0,22.0,25.0,23.0,22.0,28.0,22.0,26.0,22.0,26.0,31.0,22.0,22.0,22.0,23.0,22.0,25.0,34.0,22.0,23.0,28.0,21.0,22.0,24.0,22.0,22.0,23.0,20.0,25.0,28.0,23.0,24.0,32.0,21.0,24.0,24.0,25.0,25.0,30.0,22.0,22.0,27.0,25.0,22.0,20.0,22.0,36.0,26.0,22.0,30.0,22.0,21.0,23.0,23.0,25.0,25.0,22.0,25.0,22.0,23.0,21.0,19.0
27,GA,ķķęQWvAAUUQpHJQpBBffMMZWvdk,,,,,,,,,,,,,,,,,,,,,,,,,,,,,,,,,,,,,,,,,,,,,,,,,,,,,,,,,,,,,,,,,,RPDT,,,,,,,,,,,,,,,,,,,,,,,,,,,,,,,,,,,,,,,,,,23.0,22.0,26.0,26.0,24.0,28.0,27.0,24.0,23.0,24.0,32.0,25.0,24.0,21.0,25.0,26.0,24.0,30.0,29.0,26.0,31.0,22.0,0.0,20.0,24.0,24.0,24.0,28.0,26.0,23.0,23.0,23.0,27.0,26.0,24.0,26.0,25.0,25.0,23.0,25.0,30.0,25.0,33.0,31.0,24.0,24.0,25.0,25.0,24.0,30.0,26.0,26.0,24.0,28.0,30.0,25.0,25.0,23.0,24.0,25.0,25.0,31.0,24.0,25.0,27.0,24.0,23.0,28.0,26.0,25.0,26.0,25.0,28.0,31.0,25.0,24.0,35.0,25.0,27.0,25.0,25.0,25.0,30.0,25.0,22.0,28.0,27.0,26.0,27.0,23.0,38.0,29.0,26.0,32.0,23.0,25.0,26.0,25.0,26.0,26.0,23.0,25.0,26.0,26.0,26.0,25.0
28,MA,AAAAAAAoSpZvHHZNZA,,,,,,,,,,,,CR8,,,,,,,,,,,,,,,,,,,,,,,,,,,,,,,,,,,,,,,,,,,,,,,,,,,,,,,,,,,,,,,,,,,,,,,,,,,,,,,,,,,,,,,,,,,,,,,,20.0,13.0,17.0,19.0,15.0,24.0,20.0,20.0,13.0,13.0,30.0,17.0,16.0,14.0,17.0,20.0,22.0,27.0,30.0,23.0,28.0,29.0,23.0,18.0,14.0,20.0,21.0,26.0,20.0,0.0,16.0,14.0,19.0,17.0,15.0,16.0,9.0,18.0,13.0,17.0,29.0,12.0,26.0,25.0,10.0,11.0,19.0,13.0,14.0,22.0,14.0,24.0,10.0,23.0,31.0,14.0,18.0,12.0,11.0,20.0,22.0,26.0,10.0,11.0,22.0,12.0,12.0,22.0,14.0,16.0,17.0,16.0,23.0,30.0,17.0,21.0,34.0,21.0,22.0,17.0,15.0,19.0,27.0,14.0,16.0,19.0,23.0,13.0,21.0,8.0,35.0,29.0,23.0,27.0,12.0,16.0,19.0,24.0,26.0,22.0,14.0,15.0,20.0,22.0,19.0,20.0
29,MA,ABABHHpLTMpBAAAoTR,,,,,,,,,,,,,,,,,,F01,,,,,,,,,,,,,,,,,,,,,,,,,,,,,,,,,,,,,,,,,,,,,,,,,,,,,,,,,,,,,,,,,,,,,,,,,,,,,,,,,,,,,,,,,,22.0,16.0,16.0,19.0,14.0,26.0,23.0,21.0,17.0,17.0,28.0,14.0,18.0,13.0,19.0,22.0,22.0,30.0,29.0,22.0,27.0,32.0,23.0,20.0,17.0,17.0,17.0,26.0,23.0,16.0,0.0,15.0,18.0,16.0,14.0,17.0,15.0,18.0,15.0,21.0,27.0,16.0,27.0,25.0,15.0,15.0,19.0,16.0,15.0,26.0,15.0,24.0,15.0,23.0,30.0,17.0,14.0,14.0,15.0,18.0,24.0,32.0,15.0,15.0,23.0,15.0,15.0,22.0,15.0,16.0,17.0,15.0,25.0,25.0,18.0,22.0,34.0,21.0,22.0,16.0,19.0,22.0,28.0,15.0,17.0,24.0,22.0,15.0,19.0,14.0,35.0,29.0,19.0,31.0,19.0,16.0,21.0,23.0,24.0,20.0,15.0,18.0,22.0,18.0,19.0,21.0
30,MA,BBAAZGpZRRI,,,,,,,,,,,,,,,,,,,F05,,,,,,,,,,,,,,,,,,,,,,,,,,,,,,,,,,,,,,,,,,,,,,,,,,,,,,,,,,,,,,,,,,,,,,,,,,,,,,,,,,,,,,,,,22.0,15.0,14.0,20.0,11.0,26.0,22.0,19.0,11.0,16.0,31.0,13.0,14.0,7.0,16.0,22.0,23.0,28.0,29.0,22.0,30.0,32.0,23.0,20.0,16.0,22.0,20.0,30.0,23.0,14.0,15.0,0.0,18.0,14.0,12.0,17.0,14.0,17.0,15.0,21.0,30.0,13.0,30.0,30.0,15.0,10.0,20.0,16.0,11.0,28.0,13.0,26.0,13.0,26.0,31.0,14.0,18.0,11.0,13.0,21.0,26.0,32.0,11.0,14.0,24.0,14.0,11.0,26.0,13.0,16.0,14.0,16.0,26.0,31.0,18.0,22.0,35.0,22.0,21.0,17.0,18.0,22.0,26.0,15.0,18.0,25.0,24.0,13.0,19.0,8.0,38.0,29.0,18.0,32.0,19.0,13.0,20.0,22.0,25.0,21.0,12.0,17.0,20.0,20.0,17.0,20.0
31,MA,JJJUUęJJJAAAAAAZZZZZAoòoWBB,,,,,,,,,,,CR7,,,,,,,,,,,,,,,,,,,,,,,,,,,,,,,,,,,,,,,,,,,,,,,,,,,,,,,,,,,,,,,,,,,,,,,,,,,,,,,,,,,,,,,,,,,,,,,,,26.0,22.0,24.0,19.0,22.0,30.0,26.0,23.0,19.0,21.0,34.0,24.0,26.0,23.0,25.0,25.0,25.0,33.0,31.0,26.0,31.0,36.0,26.0,25.0,24.0,23.0,24.0,31.0,0.0,20.0,23.0,23.0,24.0,25.0,26.0,25.0,21.0,27.0,23.0,23.0,31.0,23.0,32.0,27.0,21.0,22.0,26.0,24.0,24.0,31.0,26.0,31.0,21.0,27.0,33.0,23.0,27.0,23.0,23.0,25.0,28.0,34.0,20.0,23.0,27.0,21.0,23.0,26.0,26.0,26.0,27.0,27.0,29.0,32.0,23.0,25.0,36.0,26.0,25.0,24.0,23.0,23.0,30.0,20.0,23.0,26.0,27.0,24.0,26.0,20.0,37.0,28.0,25.0,28.0,24.0,27.0,25.0,26.0,26.0,26.0,20.0,24.0,27.0,24.0,25.0,23.0
32,MD,AAAAAAAAGGGBBvLUHHNRAAAAvvvHRZZNR,,,,,,,,,,,,,,,,,,,,,,,,,,,,,,,,,,,,,,,,,,,,,,OBT,,,,,,,,,,,,,,,,,,,,,,,,,,,,,,,,,,,,,,,,,,,,,,,,,,,,,,,,,,,,,,24.0,26.0,30.0,27.0,27.0,26.0,27.0,29.0,26.0,25.0,28.0,29.0,28.0,26.0,24.0,25.0,28.0,30.0,32.0,29.0,26.0,30.0,30.0,25.0,26.0,28.0,28.0,26.0,31.0,22.0,26.0,28.0,25.0,27.0,27.0,25.0,21.0,25.0,24.0,23.0,30.0,21.0,22.0,27.0,20.0,23.0,12.0,23.0,23.0,0.0,24.0,22.0,23.0,15.0,28.0,23.0,27.0,24.0,22.0,19.0,26.0,15.0,21.0,23.0,16.0,17.0,21.0,17.0,24.0,24.0,26.0,28.0,26.0,32.0,26.0,29.0,36.0,27.0,26.0,28.0,24.0,27.0,31.0,26.0,27.0,25.0,25.0,28.0,31.0,24.0,31.0,33.0,25.0,27.0,24.0,26.0,28.0,29.0,29.0,24.0,28.0,27.0,25.0,28.0,28.0,30.0
33,MD,AAAAAAAAGGGGCCvvoWHNRBBBBGGCCvvHRWZNR,,,,,,,,,,,,,,,,,,,,,,,,,,,,,,,,,,,,,,,,,,,,,,,,,,,,,,,,,,,,,,,,,,,,,,,,,,,,,,,,,,,TPB,,,,,,,,,,,,,,,,,,,,,,,,,28.0,31.0,35.0,32.0,33.0,30.0,30.0,30.0,31.0,29.0,30.0,33.0,31.0,32.0,28.0,31.0,31.0,32.0,35.0,33.0,33.0,28.0,31.0,28.0,32.0,34.0,34.0,31.0,34.0,26.0,32.0,32.0,30.0,31.0,31.0,23.0,24.0,27.0,28.0,26.0,31.0,24.0,23.0,28.0,22.0,25.0,22.0,24.0,25.0,15.0,25.0,21.0,25.0,21.0,22.0,28.0,32.0,26.0,24.0,24.0,28.0,0.0,25.0,25.0,23.0,22.0,26.0,20.0,26.0,24.0,26.0,29.0,30.0,34.0,29.0,28.0,34.0,32.0,32.0,28.0,27.0,28.0,32.0,32.0,31.0,27.0,31.0,29.0,33.0,28.0,34.0,35.0,32.0,29.0,27.0,28.0,32.0,31.0,31.0,29.0,29.0,28.0,29.0,33.0,32.0,32.0
34,MD,AAAAAAAAGGGRMWAAGRN,,,,,,,,,,,,,,,,,,,,,,,,,,,,,,,,,,,,,,,,,,,,,,,,,,,,,,,,,,,,,,,,,,,,,,,,,,,,,,,,,,,,,,,,,,,,,,,,,WPB,,,,,,,,,,,19.0,16.0,17.0,16.0,15.0,24.0,23.0,22.0,13.0,11.0,29.0,17.0,19.0,15.0,16.0,20.0,22.0,27.0,31.0,20.0,27.0,31.0,24.0,20.0,15.0,21.0,21.0,28.0,21.0,12.0,15.0,14.0,17.0,17.0,18.0,17.0,11.0,20.0,13.0,19.0,30.0,13.0,26.0,25.0,11.0,13.0,17.0,13.0,15.0,17.0,15.0,23.0,14.0,22.0,30.0,15.0,19.0,13.0,13.0,18.0,25.0,22.0,6.0,13.0,21.0,0.0,12.0,22.0,16.0,15.0,16.0,17.0,25.0,28.0,19.0,21.0,38.0,22.0,22.0,15.0,15.0,21.0,27.0,13.0,17.0,21.0,21.0,16.0,22.0,12.0,36.0,32.0,21.0,26.0,16.0,18.0,21.0,22.0,23.0,20.0,15.0,14.0,20.0,22.0,17.0,22.0
35,MD,AAAAAAGGRWAGZN,,,,,,,,,,,,,,,,,,,,,,,,,,,,,,,,,,,,,,,,,,,,,,,,,,,,,,,,,,,,,,,,,,,,,,,,,,,,,,,,,,,,,,,,,,,,,WBB,,,,,,,,,,,,,,,18.0,14.0,17.0,17.0,12.0,26.0,22.0,21.0,12.0,13.0,30.0,16.0,15.0,10.0,15.0,19.0,20.0,28.0,31.0,22.0,27.0,31.0,24.0,19.0,14.0,22.0,22.0,28.0,20.0,10.0,15.0,11.0,16.0,14.0,14.0,15.0,8.0,16.0,11.0,18.0,28.0,10.0,27.0,24.0,9.0,9.0,18.0,12.0,12.0,21.0,12.0,24.0,10.0,23.0,30.0,12.0,18.0,9.0,9.0,19.0,24.0,25.0,0.0,10.0,21.0,6.0,8.0,21.0,11.0,13.0,11.0,16.0,25.0,30.0,17.0,21.0,36.0,22.0,22.0,15.0,13.0,20.0,27.0,13.0,15.0,21.0,22.0,12.0,21.0,7.0,33.0,31.0,22.0,28.0,15.0,14.0,20.0,22.0,24.0,21.0,12.0,13.0,18.0,21.0,17.0,21.0
36,MD,AAAAAAGGddvvQWHHNR,,,,,,,,,,,,,,,,,,,,,,,,,,,,,GYY,,,,,,,,,,,,,,,,,,,,,,,,,,,,,,,,,,,,,,,,,,,,,,,,,,,,,,,,,,,,,,,,,,,,,,,,,,,,,,,21.0,15.0,18.0,18.0,17.0,26.0,23.0,22.0,16.0,13.0,32.0,17.0,17.0,15.0,14.0,24.0,22.0,27.0,30.0,23.0,25.0,31.0,24.0,20.0,13.0,24.0,24.0,28.0,21.0,10.0,15.0,15.0,18.0,15.0,16.0,9.0,7.0,12.0,11.0,14.0,30.0,6.0,26.0,19.0,0.0,7.0,17.0,10.0,10.0,20.0,9.0,20.0,11.0,20.0,26.0,12.0,17.0,9.0,8.0,17.0,23.0,22.0,9.0,9.0,16.0,11.0,9.0,24.0,10.0,13.0,13.0,14.0,25.0,29.0,18.0,22.0,34.0,23.0,23.0,13.0,12.0,21.0,26.0,14.0,17.0,22.0,24.0,15.0,22.0,10.0,35.0,31.0,24.0,30.0,14.0,16.0,21.0,23.0,24.0,20.0,13.0,15.0,20.0,22.0,18.0,21.0
37,MD,AAAAAAvvvRWHHHLNR,,,,,,,,,,,,,,,,,,,,,FMT,,,,,,,,,,,,,,,,,,,,,,,,,,,,,,,,,,,,,,,,,,,,,,,,,,,,,,,,,,,,,,,,,,,,,,,,,,,,,,,,,,,,,,,21.0,15.0,17.0,19.0,16.0,25.0,22.0,22.0,15.0,14.0,32.0,17.0,16.0,15.0,15.0,23.0,22.0,27.0,31.0,23.0,27.0,32.0,25.0,21.0,14.0,23.0,24.0,28.0,21.0,9.0,15.0,14.0,19.0,15.0,13.0,13.0,0.0,13.0,8.0,16.0,29.0,6.0,22.0,21.0,7.0,6.0,16.0,5.0,9.0,21.0,8.0,21.0,6.0,21.0,24.0,8.0,14.0,4.0,5.0,17.0,22.0,24.0,8.0,6.0,20.0,11.0,6.0,23.0,8.0,11.0,11.0,12.0,25.0,30.0,17.0,21.0,36.0,22.0,22.0,17.0,15.0,21.0,28.0,14.0,16.0,22.0,24.0,13.0,22.0,9.0,35.0,30.0,24.0,29.0,11.0,16.0,21.0,24.0,25.0,22.0,15.0,15.0,22.0,22.0,20.0,23.0
38,MD,AAAABBvHRWHLNR,,,,,,,,,,,,,,,,,,,,,,,,,,,,,,,,,,,,,,,,,,,,,,,,,,,,,,,,,,,,,,,,,,,,,,,,,,,,,,,,,,,,,,,,,,,,,,,,,,,,WTY,,,,,,,,21.0,15.0,17.0,19.0,14.0,26.0,21.0,20.0,13.0,16.0,30.0,14.0,15.0,12.0,15.0,23.0,20.0,29.0,29.0,22.0,26.0,30.0,23.0,20.0,14.0,22.0,22.0,29.0,23.0,12.0,15.0,11.0,18.0,14.0,11.0,13.0,6.0,12.0,8.0,15.0,28.0,8.0,22.0,23.0,9.0,7.0,14.0,7.0,7.0,21.0,7.0,22.0,5.0,22.0,24.0,10.0,12.0,5.0,4.0,15.0,21.0,26.0,8.0,5.0,20.0,12.0,0.0,22.0,6.0,8.0,8.0,11.0,23.0,27.0,17.0,19.0,34.0,20.0,21.0,15.0,16.0,19.0,28.0,14.0,15.0,22.0,23.0,12.0,20.0,9.0,36.0,29.0,22.0,29.0,15.0,13.0,19.0,22.0,23.0,20.0,12.0,15.0,20.0,22.0,20.0,23.0
39,MD,AAAACCCCvHRWHHLNR,,,,,,,,,,,,,,,,,,,,,,,,,,,,,,,,,,,,,,,,,,,,,,,,,,,,,,,,,,,,,,,,,,,,,,,,,,,,,,,,,,,,,,,,,,,,,,WBY,,,,,,,,,,,,,,22.0,15.0,17.0,19.0,17.0,27.0,22.0,21.0,16.0,16.0,32.0,17.0,17.0,15.0,15.0,23.0,22.0,29.0,31.0,23.0,28.0,27.0,25.0,22.0,14.0,23.0,23.0,25.0,23.0,11.0,15.0,14.0,20.0,16.0,14.0,9.0,6.0,11.0,8.0,14.0,23.0,7.0,21.0,18.0,9.0,9.0,17.0,2.0,5.0,23.0,6.0,19.0,4.0,20.0,21.0,11.0,14.0,6.0,2.0,15.0,22.0,25.0,10.0,0.0,20.0,13.0,5.0,21.0,5.0,8.0,8.0,6.0,25.0,29.0,18.0,21.0,36.0,22.0,22.0,17.0,16.0,21.0,28.0,14.0,16.0,24.0,25.0,13.0,18.0,11.0,37.0,30.0,24.0,31.0,14.0,16.0,21.0,22.0,25.0,22.0,15.0,12.0,22.0,22.0,16.0,21.0
40,MD,AAAACCCCvvHRWHHHLNR,,,,,,,,,,,,,,,,,,,,,,,,,,,,,,,,,,,,,,,,,,,,MPT,,,,,,,,,,,,,,,,,,,,,,,,,,,,,,,,,,,,,,,,,,,,,,,,,,,,,,,,,,,,,,,,22.0,16.0,19.0,20.0,19.0,27.0,23.0,22.0,18.0,16.0,32.0,19.0,18.0,17.0,15.0,24.0,22.0,29.0,31.0,23.0,27.0,27.0,25.0,22.0,15.0,23.0,23.0,25.0,24.0,13.0,16.0,16.0,20.0,17.0,15.0,10.0,5.0,12.0,9.0,15.0,25.0,8.0,19.0,19.0,10.0,10.0,17.0,0.0,7.0,23.0,7.0,20.0,5.0,21.0,19.0,12.0,14.0,6.0,4.0,16.0,22.0,24.0,12.0,2.0,20.0,13.0,7.0,22.0,7.0,8.0,10.0,8.0,25.0,29.0,18.0,21.0,36.0,23.0,23.0,17.0,16.0,21.0,28.0,14.0,16.0,24.0,25.0,15.0,18.0,13.0,38.0,30.0,24.0,32.0,14.0,18.0,21.0,22.0,25.0,22.0,17.0,12.0,22.0,22.0,16.0,21.0
41,MD,AAAACCvHRZZHHLNR,,,,,,,,,,,,,,,,,,,,,,,,,,,,,,,,,,,,,,,,,,,,,,,,,,,,PFY,,,,,,,,,,,,,,,,,,,,,,,,,,,,,,,,,,,,,,,,,,,,,,,,,,,,,,,,22.0,14.0,17.0,19.0,15.0,27.0,21.0,20.0,14.0,15.0,30.0,15.0,16.0,13.0,15.0,22.0,21.0,29.0,31.0,23.0,28.0,29.0,24.0,21.0,15.0,21.0,22.0,26.0,21.0,10.0,15.0,13.0,20.0,14.0,13.0,13.0,6.0,13.0,9.0,17.0,27.0,9.0,22.0,22.0,11.0,9.0,17.0,5.0,6.0,23.0,7.0,21.0,0.0,20.0,24.0,11.0,14.0,6.0,3.0,15.0,22.0,25.0,10.0,4.0,20.0,14.0,5.0,21.0,5.0,10.0,8.0,9.0,23.0,29.0,16.0,21.0,35.0,21.0,21.0,17.0,16.0,19.0,27.0,12.0,16.0,22.0,25.0,11.0,19.0,10.0,37.0,29.0,23.0,30.0,15.0,15.0,19.0,21.0,25.0,22.0,13.0,14.0,21.0,22.0,18.0,19.0
42,MD,AAAAGBBCCvvHRWHHHLNRAAAAGGBBCCHHRZZZ,,,,,,,,,,,,,,,,,,,,,,,,,,,GPT,,,,,,,,,,,,,,,,,,,,,,,,,,,,,,,,,,,,,,,,,,,,,,,,,,,,,,,,,,,,,,,,,,,,,,,,,,,,,,,,,29.0,29.0,32.0,31.0,30.0,32.0,32.0,30.0,30.0,29.0,32.0,32.0,32.0,29.0,29.0,30.0,30.0,31.0,33.0,31.0,27.0,31.0,33.0,29.0,30.0,31.0,30.0,27.0,32.0,26.0,27.0,30.0,26.0,32.0,28.0,27.0,22.0,27.0,26.0,25.0,20.0,24.0,0.0,19.0,26.0,27.0,20.0,19.0,23.0,22.0,23.0,20.0,22.0,18.0,24.0,28.0,26.0,23.0,20.0,19.0,28.0,23.0,27.0,21.0,23.0,26.0,22.0,19.0,23.0,21.0,26.0,26.0,30.0,30.0,27.0,28.0,34.0,31.0,29.0,29.0,31.0,31.0,33.0,30.0,30.0,29.0,30.0,30.0,32.0,29.0,36.0,31.0,29.0,32.0,27.0,31.0,32.0,33.0,33.0,29.0,31.0,28.0,30.0,30.0,30.0,32.0
43,MD,AAAAGCCvHRWHHLNR,,,,,,,,,,,,,,,,,,,,,,,,,,,,,,,,,,,,,,,,,,,,,,,,,,,,,,,,,,,,,,,,,,,RPT,,,,,,,,,,,,,,,,,,,,,,,,,,,,,,,,,,,,,,,,,21.0,15.0,17.0,19.0,16.0,27.0,21.0,21.0,15.0,16.0,31.0,16.0,16.0,14.0,14.0,23.0,22.0,29.0,31.0,23.0,28.0,29.0,24.0,22.0,14.0,23.0,23.0,27.0,23.0,11.0,15.0,13.0,19.0,14.0,13.0,10.0,5.0,12.0,8.0,16.0,25.0,6.0,20.0,19.0,8.0,8.0,16.0,4.0,4.0,22.0,5.0,18.0,3.0,19.0,22.0,10.0,14.0,5.0,0.0,13.0,22.0,24.0,9.0,2.0,19.0,13.0,4.0,19.0,3.0,7.0,6.0,8.0,25.0,29.0,18.0,21.0,35.0,22.0,21.0,16.0,15.0,21.0,27.0,14.0,16.0,24.0,25.0,12.0,20.0,11.0,37.0,30.0,24.0,31.0,14.0,15.0,21.0,22.0,24.0,21.0,13.0,13.0,21.0,22.0,18.0,21.0
44,MD,AAAAGGCCvvQWHHLNRBBeeeeAAvZRNRdM,,,,,,,,,,,,,,,,,,,,,,,,,,,,,,,,,,,,,,,,,,,,,,,,,OYY,,,,,,,,,,,,,,,,,,,,,,,,,,,,,,,,,,,,,,,,,,,,,,,,,,,,,,,,,,,24.0,26.0,30.0,26.0,28.0,27.0,26.0,29.0,28.0,27.0,29.0,30.0,27.0,24.0,24.0,29.0,28.0,29.0,30.0,30.0,28.0,28.0,26.0,25.0,26.0,25.0,26.0,28.0,31.0,24.0,24.0,26.0,27.0,27.0,26.0,23.0,21.0,26.0,24.0,26.0,23.0,20.0,20.0,27.0,20.0,23.0,18.0,20.0,20.0,22.0,21.0,0.0,21.0,16.0,22.0,26.0,26.0,21.0,18.0,17.0,26.0,21.0,24.0,19.0,22.0,23.0,22.0,15.0,20.0,22.0,23.0,24.0,27.0,30.0,27.0,25.0,33.0,27.0,29.0,27.0,26.0,25.0,30.0,25.0,26.0,27.0,29.0,27.0,29.0,24.0,35.0,30.0,27.0,32.0,24.0,26.0,28.0,29.0,28.0,25.0,25.0,25.0,27.0,30.0,27.0,28.0
45,MD,AAAAGGGCCvHLUHHNRAAZAAAAvvRWHHN,,,,,,,,,,,,,,,,,,,,,,,,,,,,,,,,,,,,,,,,,,,,,,,,,,,,,,,,,,POB,,,,,,,,,,,,,,,,,,,,,,,,,,,,,,,,,,,,,,,,,,,,,,,,,,24.0,25.0,29.0,25.0,26.0,29.0,24.0,28.0,26.0,25.0,29.0,29.0,27.0,26.0,23.0,27.0,27.0,28.0,31.0,29.0,24.0,29.0,28.0,27.0,25.0,26.0,26.0,27.0,27.0,23.0,23.0,26.0,24.0,25.0,27.0,21.0,21.0,24.0,24.0,20.0,21.0,20.0,18.0,21.0,20.0,22.0,14.0,21.0,20.0,15.0,20.0,16.0,20.0,0.0,21.0,22.0,27.0,23.0,19.0,14.0,26.0,21.0,23.0,20.0,16.0,22.0,22.0,11.0,21.0,22.0,23.0,24.0,27.0,30.0,22.0,27.0,34.0,27.0,26.0,28.0,24.0,26.0,29.0,24.0,27.0,27.0,27.0,26.0,28.0,23.0,28.0,31.0,25.0,30.0,25.0,26.0,27.0,29.0,29.0,24.0,25.0,24.0,26.0,27.0,27.0,26.0
46,MD,AAAAeeeeBCRWWZHLNR,,,,,,,,,,,,,,,,,,,,,,,FYB,,,,,,,,,,,,,,,,,,,,,,,,,,,,,,,,,,,,,,,,,,,,,,,,,,,,,,,,,,,,,,,,,,,,,,,,,,,,,,,,,,,,,21.0,14.0,18.0,19.0,17.0,27.0,21.0,20.0,16.0,15.0,30.0,17.0,17.0,14.0,15.0,23.0,21.0,30.0,31.0,23.0,28.0,31.0,23.0,20.0,15.0,22.0,24.0,28.0,23.0,13.0,15.0,15.0,20.0,16.0,15.0,14.0,8.0,15.0,0.0,17.0,31.0,10.0,26.0,23.0,11.0,12.0,18.0,9.0,9.0,24.0,12.0,24.0,9.0,24.0,27.0,12.0,15.0,9.0,8.0,19.0,23.0,28.0,11.0,8.0,22.0,13.0,8.0,22.0,11.0,13.0,13.0,13.0,23.0,30.0,17.0,20.0,36.0,21.0,23.0,17.0,16.0,20.0,28.0,14.0,17.0,23.0,24.0,14.0,20.0,12.0,38.0,30.0,24.0,31.0,16.0,16.0,20.0,23.0,24.0,21.0,16.0,15.0,21.0,22.0,20.0,22.0
47,MD,AAAAvvRWHHpLNR,,,,,,,,,,,,,,,,,,,,,,,,,,,,,,,,,,,,,,,,,,,,,,,,,,,,,,,,,,,,,,RFB,,,,,,,,,,,,,,,,,,,,,,,,,,,,,,,,,,,,,,,,,,,,,,21.0,13.0,17.0,19.0,14.0,27.0,22.0,22.0,14.0,16.0,32.0,16.0,14.0,12.0,15.0,23.0,23.0,29.0,30.0,22.0,27.0,31.0,23.0,21.0,13.0,22.0,22.0,28.0,23.0,12.0,14.0,11.0,19.0,14.0,11.0,13.0,4.0,13.0,9.0,17.0,29.0,7.0,23.0,22.0,9.0,5.0,17.0,6.0,9.0,24.0,8.0,21.0,6.0,23.0,25.0,7.0,15.0,0.0,5.0,17.0,21.0,26.0,9.0,6.0,21.0,13.0,5.0,23.0,7.0,11.0,10.0,12.0,25.0,29.0,18.0,20.0,36.0,22.0,21.0,17.0,16.0,20.0,28.0,13.0,15.0,24.0,24.0,11.0,21.0,9.0,36.0,30.0,23.0,31.0,13.0,14.0,21.0,24.0,25.0,22.0,11.0,15.0,22.0,21.0,20.0,23.0
48,MD,AABBBBMoNLNAAGGoNddLoXN,BBT,,,,,,,,,,,,,,,,,,,,,,,,,,,,,,,,,,,,,,,,,,,,,,,,,,,,,,,,,,,,,,,,,,,,,,,,,,,,,,,,,,,,,,,,,,,,,,,,,,,,,,,,,,,20.0,20.0,19.0,19.0,21.0,27.0,21.0,20.0,20.0,20.0,29.0,19.0,22.0,19.0,19.0,22.0,20.0,27.0,29.0,25.0,26.0,33.0,27.0,22.0,21.0,24.0,22.0,29.0,24.0,19.0,18.0,18.0,0.0,18.0,21.0,21.0,19.0,21.0,20.0,18.0,28.0,18.0,26.0,24.0,18.0,18.0,20.0,20.0,19.0,25.0,20.0,27.0,20.0,24.0,30.0,18.0,16.0,19.0,19.0,20.0,25.0,30.0,16.0,20.0,24.0,17.0,18.0,22.0,20.0,15.0,20.0,18.0,20.0,17.0,18.0,15.0,25.0,18.0,18.0,18.0,18.0,21.0,21.0,20.0,18.0,24.0,20.0,16.0,19.0,18.0,34.0,23.0,19.0,30.0,21.0,18.0,18.0,19.0,19.0,20.0,18.0,16.0,15.0,16.0,17.0,17.0
49,MD,AABBGBBCCvvHRWGGLNR,,,,,,,,,,,,,,,,,,,,,,,,,,,,,,,,,,,,,,,,,,,,,,,,,,,,,,,,,,,,,,,,,,,,,,,,,,,,,,,,,,,,,,,,,,,,,,,,,,,,,,,YOY,,,,,22.0,17.0,17.0,21.0,19.0,29.0,20.0,20.0,19.0,18.0,31.0,15.0,19.0,17.0,18.0,25.0,23.0,31.0,30.0,23.0,28.0,31.0,25.0,21.0,16.0,23.0,22.0,29.0,26.0,16.0,16.0,16.0,15.0,16.0,16.0,12.0,11.0,12.0,13.0,17.0,26.0,11.0,21.0,23.0,13.0,12.0,17.0,8.0,9.0,24.0,7.0,22.0,10.0,22.0,21.0,13.0,13.0,11.0,7.0,18.0,23.0,24.0,13.0,8.0,23.0,15.0,8.0,22.0,7.0,0.0,7.0,9.0,23.0,26.0,20.0,19.0,31.0,19.0,21.0,15.0,17.0,23.0,25.0,16.0,17.0,25.0,22.0,13.0,17.0,15.0,38.0,27.0,19.0,33.0,18.0,15.0,18.0,22.0,22.0,19.0,16.0,16.0,17.0,21.0,17.0,20.0
50,MD,AAGGCCvHoWHHNRAAAAvHpMW,,,,,,,,,,,,,,,,,,,,,,,,,,,,,,,,,,,,,,,,,,,,,,,,,,,,,,,,,,,,,,,,,,,,RWB,,,,,,,,,,,,,,,,,,,,,,,,,,,,,,,,,,,,,,,,19.0,20.0,21.0,20.0,19.0,29.0,21.0,24.0,19.0,20.0,31.0,21.0,20.0,21.0,20.0,25.0,24.0,28.0,28.0,23.0,20.0,31.0,25.0,23.0,19.0,23.0,22.0,26.0,25.0,20.0,18.0,21.0,20.0,18.0,20.0,16.0,17.0,20.0,19.0,20.0,22.0,18.0,19.0,21.0,17.0,16.0,13.0,16.0,14.0,19.0,12.0,17.0,15.0,14.0,24.0,21.0,20.0,17.0,13.0,0.0,23.0,24.0,19.0,15.0,15.0,18.0,15.0,12.0,12.0,18.0,15.0,18.0,27.0,28.0,20.0,21.0,34.0,24.0,22.0,21.0,20.0,20.0,26.0,19.0,20.0,25.0,23.0,19.0,23.0,17.0,31.0,31.0,21.0,30.0,21.0,18.0,22.0,26.0,27.0,20.0,18.0,20.0,22.0,21.0,21.0,22.0
51,MD,AAGGGCCvHLWHNRAAeeeAAAAvHRZZN,,,,,,,,,,,,,,,,,,,,,,,,,,,,,,,,,,,,,,,,,,,,,,,,,,,,,,,,,,,,,,,,,,,,,,,,,,,,,,,,,,,,,,,,,,,,,,,,,,,,,WWT,,,,,,,21.0,24.0,27.0,23.0,23.0,30.0,23.0,27.0,24.0,25.0,28.0,27.0,25.0,24.0,25.0,24.0,24.0,29.0,30.0,26.0,22.0,30.0,28.0,28.0,24.0,26.0,24.0,26.0,26.0,22.0,22.0,26.0,22.0,22.0,24.0,24.0,23.0,26.0,22.0,22.0,19.0,24.0,19.0,25.0,24.0,24.0,17.0,22.0,21.0,17.0,20.0,15.0,21.0,11.0,23.0,22.0,25.0,23.0,19.0,12.0,25.0,20.0,21.0,21.0,21.0,22.0,22.0,0.0,19.0,22.0,21.0,23.0,26.0,28.0,23.0,26.0,34.0,28.0,26.0,27.0,26.0,25.0,27.0,25.0,25.0,27.0,27.0,26.0,28.0,21.0,29.0,29.0,22.0,30.0,25.0,24.0,26.0,27.0,28.0,24.0,24.0,25.0,26.0,25.0,27.0,26.0
52,MD,AAZvvvLLLZZWBBHHZWBBBBBBHHNLN,,,,,,,,,,,,,,,,,,,,,,,,,,,,,,,,,,,,,,,,,,,,,,,,,,,,,,,,,,,,,,,,,,,,,,,,,,,,,,,,,,TOB,,,,,,,,,,,,,,,,,,,,,,,,,,25.0,22.0,27.0,26.0,25.0,27.0,23.0,20.0,27.0,25.0,30.0,25.0,24.0,24.0,24.0,26.0,24.0,30.0,31.0,25.0,27.0,30.0,25.0,24.0,26.0,23.0,25.0,29.0,28.0,22.0,24.0,26.0,25.0,23.0,21.0,22.0,22.0,22.0,23.0,24.0,33.0,25.0,28.0,26.0,23.0,23.0,23.0,22.0,25.0,26.0,23.0,26.0,22.0,26.0,26.0,25.0,20.0,21.0,22.0,23.0,0.0,28.0,24.0,22.0,25.0,25.0,21.0,25.0,23.0,23.0,26.0,24.0,25.0,30.0,19.0,19.0,27.0,23.0,27.0,25.0,27.0,25.0,28.0,23.0,23.0,23.0,28.0,24.0,28.0,25.0,37.0,27.0,28.0,31.0,26.0,24.0,22.0,24.0,25.0,26.0,24.0,27.0,23.0,27.0,26.0,26.0
53,MD,AAeeeBBAAvHRAACCCCZvLWHHNR,,,,,,,,,,,,,,,,,,,,,,,,GGY,,,,,,,,,,,,,,,,,,,,,,,,,,,,,,,,,,,,,,,,,,,,,,,,,,,,,,,,,,,,,,,,,,,,,,,,,,,,,,,,,,,,24.0,21.0,24.0,22.0,21.0,29.0,23.0,22.0,21.0,20.0,33.0,23.0,24.0,20.0,22.0,25.0,23.0,29.0,30.0,25.0,28.0,31.0,25.0,23.0,22.0,24.0,24.0,26.0,23.0,17.0,21.0,21.0,18.0,23.0,22.0,14.0,16.0,19.0,17.0,0.0,30.0,15.0,25.0,19.0,14.0,14.0,17.0,15.0,17.0,23.0,17.0,26.0,17.0,20.0,21.0,14.0,21.0,17.0,16.0,20.0,24.0,26.0,18.0,14.0,21.0,19.0,15.0,22.0,18.0,17.0,20.0,16.0,25.0,27.0,21.0,24.0,34.0,23.0,21.0,22.0,22.0,22.0,29.0,20.0,21.0,27.0,23.0,20.0,20.0,17.0,37.0,28.0,22.0,29.0,22.0,22.0,22.0,24.0,26.0,24.0,23.0,19.0,21.0,23.0,24.0,24.0
54,MD,ABGGCCvHRWHHLNR,,,,,,,,,,,,,,,,,,,,,,,,,,,,,,,,,,,,,,,,,,,,,,,,,,,,,,,,,,,,,,,,,,,,,,,,,,,,,,,,,,,,,,,,,,,,,,,,,,,,,,YOT,,,,,,22.0,17.0,16.0,21.0,15.0,30.0,21.0,21.0,15.0,19.0,32.0,15.0,16.0,14.0,16.0,26.0,24.0,31.0,30.0,22.0,27.0,32.0,26.0,24.0,17.0,24.0,22.0,29.0,26.0,14.0,15.0,13.0,20.0,11.0,12.0,10.0,8.0,10.0,11.0,18.0,24.0,8.0,23.0,21.0,10.0,8.0,18.0,7.0,4.0,24.0,2.0,20.0,5.0,21.0,21.0,10.0,12.0,7.0,3.0,12.0,23.0,26.0,11.0,5.0,21.0,16.0,6.0,19.0,0.0,7.0,4.0,7.0,26.0,29.0,20.0,22.0,34.0,23.0,22.0,17.0,17.0,23.0,25.0,17.0,17.0,27.0,26.0,12.0,19.0,13.0,38.0,29.0,23.0,34.0,17.0,14.0,21.0,23.0,24.0,21.0,12.0,16.0,20.0,21.0,17.0,20.0
55,MD,ABGGCCvvHRWHHNR,,,,,,,,,,,,,,,,,,,,,,,,,,,,,,,,,,,,,,,,,,,,,,,OGT,,,,,,,,,,,,,,,,,,,,,,,,,,,,,,,,,,,,,,,,,,,,,,,,,,,,,,,,,,,,,22.0,17.0,16.0,21.0,15.0,31.0,22.0,22.0,15.0,19.0,34.0,15.0,16.0,14.0,17.0,26.0,24.0,31.0,30.0,22.0,26.0,32.0,26.0,24.0,17.0,25.0,22.0,29.0,26.0,14.0,15.0,13.0,20.0,11.0,12.0,9.0,8.0,11.0,12.0,17.0,25.0,9.0,23.0,22.0,9.0,7.0,17.0,7.0,6.0,24.0,0.0,21.0,7.0,20.0,21.0,11.0,14.0,8.0,5.0,12.0,23.0,25.0,12.0,6.0,20.0,15.0,7.0,20.0,2.0,7.0,6.0,8.0,27.0,30.0,20.0,23.0,34.0,23.0,22.0,17.0,18.0,23.0,26.0,17.0,17.0,27.0,26.0,13.0,19.0,13.0,38.0,29.0,23.0,35.0,17.0,14.0,21.0,24.0,25.0,21.0,12.0,16.0,20.0,21.0,17.0,20.0
56,MD,BBAAAAGGAAvvRWHHLNR,,,,,,,,,,,,,,,,,,,,,,,,,,GOY,,,,,,,,,,,,,,,,,,,,,,,,,,,,,,,,,,,,,,,,,,,,,,,,,,,,,,,,,,,,,,,,,,,,,,,,,,,,,,,,,,22.0,17.0,18.0,21.0,16.0,23.0,23.0,19.0,15.0,15.0,27.0,17.0,18.0,13.0,15.0,20.0,21.0,26.0,29.0,23.0,29.0,34.0,25.0,20.0,16.0,24.0,22.0,30.0,23.0,12.0,16.0,13.0,18.0,15.0,16.0,11.0,6.0,8.0,10.0,15.0,26.0,0.0,24.0,19.0,6.0,6.0,15.0,8.0,6.0,21.0,9.0,20.0,9.0,20.0,24.0,6.0,13.0,7.0,6.0,18.0,25.0,24.0,10.0,7.0,16.0,13.0,8.0,24.0,8.0,11.0,11.0,11.0,26.0,30.0,17.0,23.0,33.0,23.0,22.0,18.0,15.0,23.0,25.0,16.0,17.0,24.0,22.0,15.0,20.0,11.0,35.0,30.0,21.0,28.0,14.0,17.0,22.0,23.0,24.0,20.0,15.0,17.0,20.0,18.0,17.0,20.0
57,MD,BBAAAAvvoWHHNR,,,,,,,,,,,,,,,,,,,,,,,,,,,,,,,KGB,,,,,,,,,,,,,,,,,,,,PBB,,,,,,,,,,,,,,,,,,,,,,,,,,,,,,,,,,,,,,,,,,,,,,,,,,,,,,,,,23.0,15.0,14.0,20.0,13.0,26.0,23.0,20.0,12.0,16.0,30.0,14.0,16.0,10.0,17.0,22.0,21.0,26.0,29.0,23.0,27.0,34.0,24.0,20.0,16.0,25.0,22.0,30.0,22.0,11.0,15.0,10.0,18.0,13.0,12.0,11.0,6.0,12.0,12.0,14.0,28.0,6.0,27.0,21.0,7.0,0.0,16.0,10.0,8.0,23.0,7.0,23.0,9.0,22.0,25.0,6.0,14.0,5.0,8.0,16.0,23.0,25.0,9.0,9.0,18.0,13.0,7.0,24.0,8.0,12.0,11.0,10.0,26.0,31.0,17.0,22.0,33.0,22.0,22.0,17.0,16.0,22.0,26.0,16.0,17.0,23.0,22.0,13.0,20.0,9.0,35.0,29.0,20.0,30.0,13.0,14.0,20.0,24.0,25.0,19.0,14.0,16.0,21.0,18.0,18.0,20.0
58,MD,BBAAGGCCvHRWZHLNR,,,,,,,,,,,,,,,,,,,,,,,,,,,,,,,,,,,,,,,,,,,,,MYB,,,,,,,,,,,,,,,,,,,,,,,,,,,,,,,,,,,,,,,,,,,,,,,,,,,,,,,,,,,,,,,23.0,16.0,16.0,21.0,16.0,27.0,21.0,19.0,16.0,17.0,30.0,15.0,17.0,12.0,15.0,22.0,22.0,27.0,29.0,23.0,28.0,31.0,24.0,21.0,16.0,23.0,22.0,28.0,24.0,14.0,15.0,11.0,19.0,13.0,14.0,11.0,9.0,10.0,9.0,17.0,24.0,6.0,23.0,21.0,10.0,8.0,17.0,7.0,0.0,23.0,6.0,20.0,6.0,20.0,23.0,10.0,13.0,9.0,4.0,14.0,25.0,25.0,12.0,5.0,20.0,15.0,7.0,21.0,4.0,9.0,6.0,7.0,25.0,29.0,18.0,23.0,32.0,21.0,22.0,17.0,16.0,22.0,25.0,16.0,18.0,25.0,24.0,13.0,17.0,13.0,37.0,28.0,21.0,32.0,17.0,16.0,20.0,21.0,24.0,18.0,13.0,16.0,20.0,20.0,16.0,18.0
59,MD,BBBBBBHHLNLRWBBHHLNLR,,,,,,,,,,,,,,,,,,,,,,,,,,,,,,,,,,,,,,,,,,,,,,,,,,,,,,,,,,,,,PWY,,,,,,,,,,,,,,,,,,,,,,,,,,,,,,,,,,,,,,,,,,,,,,,23.0,21.0,18.0,23.0,19.0,26.0,20.0,16.0,20.0,21.0,24.0,16.0,20.0,17.0,19.0,21.0,23.0,30.0,29.0,24.0,30.0,34.0,25.0,21.0,21.0,24.0,22.0,32.0,27.0,18.0,14.0,18.0,16.0,18.0,10.0,18.0,14.0,14.0,15.0,21.0,26.0,13.0,26.0,25.0,17.0,14.0,20.0,14.0,13.0,27.0,14.0,26.0,14.0,27.0,25.0,13.0,0.0,15.0,14.0,20.0,20.0,32.0,18.0,14.0,24.0,19.0,12.0,25.0,12.0,13.0,15.0,10.0,24.0,27.0,19.0,18.0,28.0,18.0,22.0,19.0,21.0,23.0,26.0,20.0,19.0,25.0,22.0,17.0,16.0,20.0,39.0,25.0,21.0,33.0,21.0,15.0,19.0,24.0,25.0,20.0,19.0,21.0,21.0,18.0,16.0,19.0
60,MD,BBBBCCCCvHLMWHHLNR,,,,,,,,,,,,,,,,,,,,,,,,,,,,,,,,,,,,,,,,,,,,,,,,,,,,,,,,,,,,,,,,,,,,,,,,,,,,,,,,,,,,,,,,,,,,,,,,,,,,,,,,,YWY,,,25.0,18.0,15.0,23.0,18.0,28.0,23.0,18.0,18.0,20.0,29.0,14.0,17.0,16.0,19.0,22.0,24.0,31.0,27.0,23.0,29.0,30.0,25.0,22.0,19.0,24.0,20.0,28.0,27.0,16.0,15.0,16.0,18.0,15.0,15.0,12.0,12.0,11.0,13.0,16.0,21.0,11.0,26.0,23.0,14.0,10.0,21.0,8.0,7.0,28.0,8.0,24.0,9.0,24.0,21.0,11.0,10.0,12.0,8.0,18.0,24.0,29.0,16.0,6.0,24.0,17.0,11.0,23.0,7.0,9.0,10.0,0.0,24.0,26.0,21.0,22.0,32.0,21.0,22.0,18.0,20.0,25.0,26.0,18.0,18.0,27.0,24.0,15.0,14.0,16.0,40.0,26.0,20.0,35.0,19.0,14.0,20.0,22.0,24.0,20.0,18.0,16.0,20.0,17.0,12.0,17.0
61,MD,BBBBCCCCvHRWHHLNRAAGGBBAAAAøvZWZvvZZ,,,,,,,,,,,,,,,,,,,,,,,,,GKT,,,,,,,,,,,,,,,,,,,,,,,,,,,,,,,,,,,,,,,,,,,,,,,,,,,,,,,,,,,,,,,,,,,,,,,,,,,,,,,,,,,27.0,31.0,30.0,33.0,30.0,31.0,34.0,29.0,29.0,32.0,27.0,29.0,32.0,27.0,33.0,26.0,30.0,33.0,30.0,31.0,31.0,35.0,30.0,29.0,33.0,31.0,28.0,28.0,31.0,29.0,27.0,30.0,28.0,33.0,30.0,30.0,29.0,24.0,31.0,30.0,0.0,26.0,20.0,23.0,30.0,28.0,26.0,25.0,24.0,30.0,25.0,23.0,27.0,21.0,23.0,28.0,26.0,29.0,25.0,22.0,33.0,31.0,28.0,23.0,27.0,30.0,28.0,19.0,24.0,26.0,27.0,21.0,33.0,32.0,31.0,32.0,32.0,34.0,33.0,32.0,32.0,32.0,33.0,33.0,31.0,33.0,28.0,30.0,29.0,28.0,35.0,29.0,30.0,29.0,33.0,31.0,33.0,29.0,30.0,30.0,31.0,31.0,33.0,29.0,26.0,27.0
62,MD,BBCCCCGGBBBBvvRWHHLNR,,,,,,,,,,,,,,,,,,,,,,FTT,,,,,,,,,,,,,,,,,,,,,,,,,,,,,,,,,,,,,,,,,,,,,,,,,,,,,,,,,,,,,,,,,,,,,,,,,,,,,,,,,,,,,,24.0,21.0,20.0,23.0,21.0,27.0,23.0,20.0,19.0,21.0,31.0,16.0,19.0,17.0,20.0,25.0,22.0,31.0,29.0,23.0,29.0,30.0,25.0,20.0,20.0,25.0,23.0,29.0,27.0,18.0,18.0,17.0,21.0,17.0,16.0,12.0,13.0,0.0,15.0,19.0,24.0,8.0,27.0,23.0,12.0,12.0,19.0,12.0,10.0,25.0,11.0,26.0,13.0,24.0,19.0,10.0,14.0,13.0,12.0,20.0,22.0,27.0,16.0,11.0,22.0,20.0,12.0,26.0,10.0,12.0,13.0,11.0,25.0,30.0,21.0,21.0,31.0,21.0,24.0,20.0,18.0,23.0,25.0,20.0,20.0,27.0,22.0,18.0,19.0,19.0,36.0,27.0,23.0,32.0,21.0,14.0,23.0,22.0,21.0,20.0,19.0,20.0,20.0,20.0,14.0,18.0
63,MD,BBeeeeAAAAvvRWHHLNR,,,,,,,,,,,,,,,,,,,,,,,,,,,,,,,,,,,,,,,,,,,,,,,,,,,,,,,,,,,,PTT,,,,,,,,,,,,,,,,,,,,,,,,,,,,,,,,,,,,,,,,,,,,,,,,25.0,19.0,18.0,21.0,15.0,25.0,24.0,20.0,15.0,18.0,30.0,17.0,18.0,15.0,20.0,22.0,22.0,29.0,29.0,23.0,27.0,35.0,25.0,23.0,18.0,24.0,22.0,31.0,23.0,14.0,17.0,14.0,18.0,16.0,16.0,14.0,8.0,10.0,12.0,14.0,28.0,6.0,28.0,21.0,12.0,6.0,16.0,12.0,10.0,23.0,11.0,26.0,11.0,22.0,25.0,0.0,13.0,7.0,10.0,21.0,25.0,28.0,12.0,11.0,20.0,15.0,10.0,22.0,10.0,13.0,13.0,11.0,26.0,31.0,19.0,23.0,34.0,23.0,22.0,20.0,20.0,25.0,26.0,18.0,17.0,28.0,25.0,16.0,20.0,13.0,36.0,30.0,21.0,30.0,17.0,17.0,22.0,24.0,25.0,22.0,18.0,20.0,22.0,18.0,18.0,21.0
64,MD,CCZCCCCCvvHRWHLNRBBGCCCCvvHRWHHLNR,,,,,,,,,,,,,,,,,,,,,,,,,,,,,,,,,,,,,,,,,,,,,,,,,,,,,,,,,,,PRB,,,,,,,,,,,,,,,,,,,,,,,,,,,,,,,,,,,,,,,,,,,,,,,,,29.0,32.0,32.0,32.0,33.0,32.0,31.0,29.0,32.0,33.0,33.0,32.0,28.0,32.0,31.0,32.0,29.0,33.0,33.0,32.0,30.0,32.0,30.0,32.0,32.0,31.0,31.0,26.0,33.0,31.0,30.0,31.0,30.0,28.0,27.0,21.0,24.0,19.0,27.0,21.0,23.0,24.0,24.0,15.0,26.0,25.0,23.0,19.0,23.0,28.0,21.0,22.0,24.0,21.0,0.0,25.0,25.0,25.0,22.0,24.0,26.0,22.0,30.0,21.0,24.0,30.0,24.0,23.0,21.0,21.0,24.0,21.0,33.0,31.0,29.0,29.0,31.0,29.0,31.0,31.0,32.0,30.0,33.0,33.0,30.0,32.0,33.0,29.0,28.0,32.0,37.0,31.0,32.0,34.0,30.0,30.0,32.0,26.0,26.0,30.0,32.0,28.0,30.0,31.0,28.0,30.0
65,MD,GAAAAGGBBZWHHNRAAAAvHRWHNR,,,,,,,,,,,,,,,,,,,,,,,,,,,,,,,,,,,,,,,,,,,MOT,,,,,,,,,,,,,,,,,,,,,,,,,,,,,,,,,,,,,,,,,,,,,,,,,,,,,,,,,,,,,,,,,21.0,23.0,23.0,22.0,22.0,27.0,21.0,23.0,21.0,21.0,30.0,21.0,23.0,20.0,19.0,23.0,23.0,28.0,28.0,24.0,22.0,32.0,25.0,20.0,21.0,25.0,25.0,27.0,26.0,19.0,19.0,20.0,20.0,19.0,21.0,19.0,16.0,19.0,18.0,17.0,26.0,15.0,20.0,20.0,17.0,16.0,0.0,17.0,17.0,12.0,17.0,18.0,17.0,14.0,23.0,16.0,20.0,17.0,16.0,13.0,23.0,22.0,18.0,17.0,7.0,17.0,14.0,17.0,18.0,17.0,20.0,21.0,24.0,29.0,19.0,23.0,34.0,22.0,22.0,21.0,20.0,21.0,28.0,18.0,22.0,23.0,23.0,22.0,24.0,17.0,32.0,31.0,21.0,28.0,22.0,19.0,21.0,25.0,25.0,20.0,21.0,22.0,20.0,21.0,24.0,23.0
66,MD,HLNLRWBBHHZQR,,,,,,,,,BMB,,,,,,,,,,,,,,,,,,,,,,,,,,,,,,,,,,,,,,,,,,,,,,,,,,,,,,,,,,,,,,,,,,,,,,,,,,,,,,,,,,,,,,,,,,,,,,,,,,,22.0,17.0,16.0,22.0,10.0,29.0,23.0,22.0,13.0,19.0,31.0,13.0,15.0,9.0,19.0,25.0,23.0,33.0,29.0,21.0,29.0,33.0,24.0,23.0,17.0,24.0,22.0,31.0,26.0,15.0,14.0,12.0,21.0,14.0,0.0,18.0,13.0,16.0,15.0,22.0,30.0,16.0,28.0,27.0,16.0,12.0,21.0,15.0,14.0,27.0,12.0,26.0,13.0,27.0,27.0,16.0,10.0,11.0,13.0,20.0,21.0,31.0,14.0,14.0,25.0,18.0,11.0,24.0,12.0,16.0,14.0,15.0,27.0,30.0,18.0,21.0,34.0,23.0,25.0,17.0,21.0,22.0,28.0,18.0,18.0,26.0,26.0,15.0,21.0,13.0,40.0,29.0,24.0,35.0,20.0,14.0,21.0,24.0,27.0,23.0,14.0,19.0,22.0,22.0,20.0,23.0
67,MD,ZAZAZZGGCCCCvvoWHHNR,,,,,,,,,,,,,,,,,,,,FGB,,,,,,,,,,,,,,,,,,,,,,,,,,,,,,,,,,,,,,,,,,,,,,,,,,,,,,,,,,,,,,,,,,,,,,,,,,,,,,,,,,,,,,,,22.0,18.0,20.0,21.0,20.0,28.0,23.0,22.0,19.0,18.0,34.0,20.0,15.0,18.0,16.0,25.0,22.0,30.0,31.0,24.0,27.0,28.0,26.0,24.0,18.0,21.0,23.0,28.0,25.0,16.0,17.0,17.0,21.0,16.0,18.0,0.0,13.0,12.0,14.0,14.0,30.0,11.0,27.0,16.0,9.0,11.0,19.0,10.0,11.0,25.0,9.0,23.0,13.0,21.0,21.0,14.0,18.0,13.0,10.0,16.0,22.0,23.0,15.0,9.0,20.0,17.0,13.0,24.0,10.0,12.0,13.0,12.0,26.0,30.0,18.0,23.0,33.0,22.0,23.0,18.0,17.0,22.0,27.0,17.0,18.0,25.0,26.0,16.0,18.0,16.0,35.0,28.0,25.0,32.0,19.0,18.0,20.0,23.0,25.0,22.0,15.0,15.0,19.0,19.0,19.0,22.0
68,MD,ZBGGLWZMRddHoSHN,,BFM,,,,,,,,,,,,,,,,,,,,,,,,,,,,,,,,,,,,,,,,,,,,,,,,,,,,,,,,,,,,,,,,,,,,,,,,,,,,,,,,,,,,,,,,,,,,,,,,,,,,,,,,,,22.0,17.0,16.0,21.0,14.0,29.0,21.0,20.0,16.0,19.0,32.0,15.0,14.0,14.0,18.0,25.0,23.0,30.0,29.0,23.0,26.0,31.0,26.0,25.0,18.0,23.0,21.0,31.0,25.0,17.0,16.0,14.0,18.0,0.0,14.0,16.0,15.0,17.0,16.0,23.0,33.0,15.0,32.0,27.0,15.0,13.0,19.0,17.0,13.0,27.0,11.0,27.0,14.0,25.0,28.0,16.0,18.0,14.0,14.0,18.0,23.0,31.0,14.0,16.0,21.0,17.0,14.0,22.0,11.0,16.0,13.0,15.0,24.0,28.0,19.0,23.0,31.0,21.0,25.0,17.0,18.0,23.0,22.0,17.0,19.0,26.0,26.0,15.0,21.0,16.0,36.0,26.0,22.0,33.0,20.0,13.0,20.0,21.0,23.0,18.0,13.0,20.0,16.0,17.0,16.0,19.0
69,MD,ZZAdvvHRWHHLNRAAAAGGCCCCvvoWHHLNR,,,,,,,,,,,,,,,,,,,,,,,,,,,,GTB,,,,,,,,,,,,,,,,,,,,,,,,,,,,,,,,,,,,,,,,,,,,,,,,,,,,,,,,,,,,,,,,,,,,,,,,,,,,,,,,29.0,30.0,31.0,29.0,28.0,32.0,30.0,29.0,27.0,28.0,32.0,31.0,26.0,30.0,28.0,30.0,26.0,33.0,34.0,31.0,29.0,33.0,31.0,32.0,28.0,28.0,29.0,30.0,27.0,25.0,25.0,30.0,24.0,27.0,27.0,16.0,21.0,23.0,23.0,19.0,23.0,19.0,19.0,0.0,19.0,21.0,20.0,19.0,21.0,27.0,22.0,27.0,22.0,21.0,15.0,21.0,25.0,22.0,19.0,21.0,26.0,28.0,24.0,18.0,21.0,25.0,23.0,25.0,21.0,23.0,23.0,23.0,31.0,30.0,26.0,26.0,33.0,28.0,27.0,29.0,25.0,29.0,31.0,28.0,29.0,31.0,30.0,26.0,29.0,26.0,35.0,29.0,28.0,28.0,29.0,30.0,30.0,30.0,31.0,28.0,28.0,24.0,29.0,28.0,29.0,30.0
70,MD,ddGGCCvHRWGGLNR,,,,,,,,,,,,,,,,,,,,,,,,,,,,,,,,,,,,,,,,,,,,,,,,,,,,,,,,,,,,,,,,,,,,,,,,,,,,,,,,,,,,,,,,,,,,,,,,,,,,,,,,YRY,,,,23.0,18.0,17.0,22.0,15.0,30.0,22.0,22.0,13.0,20.0,33.0,16.0,16.0,15.0,17.0,27.0,25.0,32.0,31.0,24.0,28.0,33.0,26.0,26.0,18.0,26.0,23.0,30.0,27.0,17.0,17.0,14.0,20.0,13.0,14.0,13.0,11.0,13.0,13.0,20.0,27.0,11.0,26.0,23.0,13.0,11.0,20.0,10.0,6.0,26.0,6.0,23.0,8.0,23.0,24.0,13.0,15.0,10.0,6.0,15.0,26.0,26.0,11.0,8.0,24.0,16.0,8.0,21.0,4.0,7.0,0.0,10.0,28.0,30.0,22.0,21.0,35.0,24.0,24.0,19.0,18.0,23.0,24.0,18.0,18.0,26.0,28.0,12.0,20.0,14.0,37.0,30.0,21.0,35.0,20.0,14.0,23.0,24.0,26.0,21.0,13.0,15.0,22.0,23.0,17.0,21.0
71,MD,èBGAAAAGGddZoWHHNRAAAAvHoWHHNR,,,,,,,,,,,,,,,,,,,,,,,,,,,,,,,,,,,,,,,,,,,,,,,,,,,,,,,,,,,,,,,,,,,,,,,,,,,,,,,,,,,,,,,,,,,,,,,WFT,,,,,,,,,,,,,23.0,27.0,25.0,25.0,26.0,28.0,26.0,24.0,24.0,24.0,29.0,26.0,27.0,24.0,23.0,23.0,25.0,28.0,28.0,28.0,22.0,33.0,27.0,24.0,25.0,26.0,28.0,29.0,27.0,22.0,23.0,24.0,24.0,21.0,25.0,20.0,20.0,22.0,22.0,21.0,27.0,16.0,23.0,21.0,16.0,18.0,7.0,20.0,20.0,16.0,20.0,22.0,20.0,16.0,24.0,20.0,24.0,21.0,19.0,15.0,25.0,23.0,21.0,20.0,0.0,21.0,20.0,21.0,21.0,23.0,24.0,24.0,28.0,30.0,22.0,26.0,32.0,27.0,25.0,25.0,21.0,22.0,25.0,22.0,25.0,26.0,25.0,25.0,29.0,21.0,31.0,31.0,25.0,28.0,25.0,25.0,27.0,28.0,28.0,23.0,24.0,24.0,26.0,23.0,26.0,23.0
72,NE,AAAffffBBBBZkZYMoXNZBddTMLZXNZ,,,,,,,,,,,,,,E0220,,,,,,,,,,,,,,,,,,,,,,,,,,,,,,,,,,,,,,,,,,,,,,,,,,,,,,,,,,,,,,,,,,,,,,,,,,,,,,,,,,,,,,,,,,,,,,26.0,23.0,25.0,25.0,28.0,29.0,24.0,24.0,26.0,25.0,30.0,24.0,26.0,25.0,24.0,26.0,27.0,30.0,29.0,27.0,31.0,30.0,28.0,26.0,25.0,23.0,25.0,26.0,29.0,23.0,25.0,26.0,20.0,24.0,27.0,26.0,25.0,25.0,23.0,25.0,33.0,26.0,30.0,31.0,25.0,26.0,24.0,25.0,25.0,26.0,27.0,27.0,23.0,27.0,33.0,26.0,24.0,25.0,25.0,27.0,25.0,30.0,25.0,25.0,28.0,25.0,23.0,26.0,26.0,23.0,28.0,24.0,0.0,22.0,24.0,25.0,32.0,15.0,27.0,22.0,24.0,26.0,26.0,23.0,25.0,24.0,26.0,23.0,26.0,25.0,36.0,27.0,23.0,30.0,25.0,23.0,14.0,19.0,19.0,23.0,25.0,23.0,16.0,16.0,23.0,19.0
73,NE,AAffBBBBHLMoXNHZdLoCCGMoMddAAdLoXNH,,,,,,,,,,,,,,,,,,,,,,,,,,,,,,K0022,,,,,,,,,,,,,,,,,,,,,,,,,,,,,,,,,,,,,,,,,,,,,,,,,,,,,,,,,,,,,,,,,,,,,,,,,,,,,,30.0,31.0,28.0,27.0,31.0,31.0,30.0,29.0,32.0,31.0,31.0,28.0,33.0,30.0,31.0,29.0,31.0,29.0,29.0,31.0,31.0,32.0,31.0,32.0,30.0,28.0,28.0,31.0,32.0,30.0,25.0,31.0,17.0,28.0,30.0,30.0,30.0,30.0,30.0,27.0,32.0,30.0,30.0,30.0,29.0,31.0,29.0,29.0,29.0,32.0,30.0,30.0,29.0,30.0,31.0,31.0,27.0,29.0,29.0,28.0,30.0,34.0,30.0,29.0,30.0,28.0,27.0,28.0,29.0,26.0,30.0,26.0,22.0,0.0,29.0,24.0,24.0,27.0,29.0,25.0,28.0,29.0,25.0,29.0,30.0,29.0,29.0,27.0,29.0,30.0,37.0,28.0,28.0,35.0,32.0,28.0,22.0,24.0,24.0,26.0,29.0,26.0,23.0,23.0,26.0,23.0
74,NE,AAvvvJJMoXNLNBBBBGGddLNLo,,,,,,,,,,,,,,,,,,,,,,,,,,,,,,,,,,,,,,,,,M0124,,,,,,,,,,,,,,,,,,,,,,,,,,,,,,,,,,,,,,,,,,,,,,,,,,,,,,,,,,,,,,,,,,,22.0,18.0,24.0,19.0,24.0,25.0,21.0,21.0,23.0,22.0,28.0,23.0,23.0,23.0,21.0,26.0,23.0,29.0,33.0,25.0,29.0,31.0,24.0,22.0,22.0,23.0,24.0,31.0,25.0,21.0,22.0,22.0,15.0,23.0,21.0,23.0,21.0,21.0,20.0,24.0,32.0,23.0,28.0,26.0,22.0,22.0,23.0,21.0,23.0,29.0,23.0,25.0,21.0,27.0,29.0,23.0,18.0,20.0,21.0,21.0,19.0,28.0,21.0,21.0,26.0,21.0,19.0,26.0,22.0,19.0,21.0,22.0,25.0,24.0,18.0,0.0,25.0,22.0,23.0,18.0,22.0,19.0,26.0,22.0,20.0,24.0,27.0,17.0,25.0,22.0,37.0,27.0,24.0,32.0,23.0,21.0,18.0,23.0,23.0,19.0,20.0,20.0,22.0,22.0,20.0,23.0
75,NE,AZAAZďoLoXNAAZZBBBBHLY,,,,,,,,,,,,,,,,,,,,,,,,,,,,,,,,,,,,,,,,M0024,,,,,,,,,,,,,,,,,,,,,,,,,,,,,,,,,,,,,,,,,,,,,,,,,,,,,,,,,,,,,,,,,,,,20.0,18.0,20.0,22.0,18.0,25.0,20.0,17.0,19.0,17.0,27.0,20.0,19.0,16.0,17.0,21.0,21.0,29.0,31.0,22.0,27.0,30.0,25.0,20.0,20.0,20.0,23.0,27.0,23.0,17.0,18.0,18.0,18.0,19.0,18.0,18.0,17.0,21.0,17.0,21.0,31.0,17.0,27.0,26.0,18.0,17.0,19.0,18.0,18.0,26.0,20.0,27.0,16.0,22.0,29.0,19.0,19.0,18.0,18.0,20.0,19.0,29.0,17.0,18.0,22.0,19.0,17.0,23.0,20.0,20.0,22.0,21.0,24.0,29.0,0.0,18.0,27.0,22.0,18.0,19.0,19.0,18.0,28.0,17.0,17.0,22.0,25.0,15.0,22.0,16.0,33.0,27.0,23.0,27.0,19.0,22.0,20.0,24.0,24.0,19.0,17.0,19.0,22.0,18.0,20.0,22.0
76,NE,BBZZBBGLYMLoXNHZdvNZoBBBBCCHoYNddvNLoXN,,,,,,,,,,,,,,,,,,,,,,,,,,,,,,,,,,,,,,,,,,M0323,,,,,,,,,,,,,,,,,,,,,,,,,,,,,,,,,,,,,,,,,,,,,,,,,,,,,,,,,,,,,,,,,,32.0,36.0,34.0,34.0,35.0,32.0,31.0,25.0,36.0,37.0,30.0,33.0,33.0,34.0,34.0,30.0,29.0,29.0,34.0,36.0,36.0,33.0,35.0,33.0,37.0,32.0,32.0,35.0,36.0,34.0,34.0,35.0,25.0,31.0,34.0,33.0,36.0,31.0,36.0,34.0,32.0,33.0,34.0,33.0,34.0,33.0,34.0,36.0,32.0,36.0,34.0,33.0,35.0,34.0,31.0,34.0,28.0,36.0,35.0,34.0,27.0,34.0,36.0,36.0,32.0,38.0,34.0,34.0,34.0,31.0,35.0,32.0,32.0,24.0,27.0,25.0,0.0,30.0,32.0,34.0,32.0,32.0,28.0,36.0,34.0,34.0,34.0,32.0,31.0,36.0,36.0,30.0,34.0,33.0,36.0,32.0,29.0,28.0,29.0,26.0,33.0,32.0,25.0,28.0,29.0,28.0
77,NE,ZZAABBUUBBBBZkLYMoNZZdNNLN,,,,,,,,,,,,,,,,,,,,,,,,,,,,,,,,,,,,,,,,,,,,,,,,,,,,,,,,,,,,,,,,,,,,,,,,,,,,,,,,,,,,UNK20,,,,,,,,,,,,,,,,,,,,,,,,22.0,21.0,21.0,21.0,24.0,27.0,19.0,20.0,23.0,23.0,28.0,19.0,22.0,21.0,22.0,23.0,21.0,29.0,30.0,25.0,30.0,30.0,25.0,22.0,24.0,21.0,21.0,29.0,26.0,21.0,21.0,22.0,18.0,21.0,23.0,22.0,22.0,21.0,21.0,23.0,34.0,23.0,31.0,28.0,23.0,22.0,22.0,23.0,21.0,27.0,23.0,27.0,21.0,27.0,29.0,23.0,18.0,22.0,22.0,24.0,23.0,32.0,22.0,22.0,27.0,22.0,20.0,28.0,23.0,19.0,24.0,21.0,15.0,27.0,22.0,22.0,30.0,0.0,22.0,19.0,23.0,23.0,25.0,22.0,22.0,23.0,22.0,19.0,21.0,22.0,37.0,25.0,22.0,29.0,22.0,19.0,15.0,20.0,22.0,20.0,22.0,21.0,18.0,19.0,18.0,21.0
78,OH,AAAAAAAZvNø,,,,,,,,,,,,,,,,,,,,,,,,,,,,,,,,,,,,,,,,,,,,,,,,,,,,,,,,,,,,,,,,,,,,,,,,,,,,,,,,,,,,,,WB05,,,,,,,,,,,,,,,,,,,,,,19.0,14.0,15.0,17.0,8.0,25.0,22.0,21.0,9.0,12.0,29.0,14.0,15.0,9.0,16.0,21.0,21.0,27.0,30.0,22.0,26.0,31.0,23.0,19.0,14.0,21.0,22.0,28.0,20.0,8.0,14.0,8.0,18.0,16.0,13.0,16.0,9.0,19.0,12.0,17.0,28.0,11.0,29.0,26.0,10.0,9.0,17.0,13.0,13.0,24.0,13.0,24.0,10.0,23.0,32.0,13.0,20.0,9.0,11.0,17.0,25.0,28.0,7.0,11.0,21.0,12.0,9.0,21.0,13.0,15.0,14.0,16.0,25.0,30.0,16.0,22.0,36.0,22.0,22.0,16.0,14.0,19.0,27.0,11.0,14.0,20.0,21.0,11.0,20.0,0.0,33.0,30.0,20.0,26.0,13.0,14.0,19.0,24.0,25.0,20.0,11.0,14.0,21.0,21.0,20.0,22.0
79,OH,AAAAAAddòNøZBBZoøoNòNøBBZAGop,,,,,,,,,,,,,,,,,,,,,,,,,,,,,,,,,,,,,,,,,,,,,,,,,,,,,,,PO63,,,,,,,,,,,,,,,,,,,,,,,,,,,,,,,,,,,,,,,,,,,,,,,,,,,,,23.0,24.0,26.0,23.0,27.0,25.0,23.0,25.0,23.0,20.0,30.0,25.0,25.0,23.0,22.0,22.0,24.0,29.0,32.0,26.0,28.0,30.0,28.0,21.0,24.0,25.0,27.0,29.0,26.0,19.0,24.0,25.0,24.0,26.0,26.0,25.0,22.0,27.0,23.0,27.0,33.0,24.0,29.0,31.0,22.0,23.0,23.0,24.0,25.0,25.0,27.0,27.0,22.0,27.0,32.0,28.0,25.0,24.0,24.0,25.0,23.0,27.0,21.0,24.0,26.0,21.0,22.0,27.0,27.0,25.0,26.0,27.0,24.0,29.0,22.0,24.0,34.0,23.0,23.0,21.0,16.0,15.0,23.0,21.0,21.0,0.0,20.0,20.0,27.0,20.0,29.0,26.0,28.0,27.0,22.0,27.0,22.0,24.0,26.0,23.0,22.0,22.0,23.0,27.0,26.0,26.0
80,OH,AAAAAGGGddoøooòNøkLop,,,,,BG13,,,,,,,,,,,,,,,,,,,,,,,,,,,,,,,,,,,,,,,,,,,,,,,,,,,,,,,,,,,,,,,,,,,,,,,,,,,,,,,,,,,,,,,,,,,,,,,,,,,,,,,21.0,17.0,20.0,19.0,21.0,27.0,23.0,23.0,19.0,15.0,32.0,20.0,21.0,19.0,14.0,23.0,24.0,29.0,31.0,24.0,27.0,32.0,25.0,21.0,17.0,23.0,25.0,30.0,23.0,15.0,19.0,18.0,18.0,18.0,21.0,17.0,15.0,18.0,16.0,22.0,32.0,15.0,31.0,25.0,12.0,16.0,20.0,16.0,16.0,24.0,18.0,26.0,16.0,24.0,32.0,20.0,21.0,16.0,15.0,20.0,27.0,27.0,13.0,16.0,21.0,15.0,16.0,26.0,17.0,17.0,18.0,20.0,24.0,28.0,19.0,22.0,32.0,23.0,20.0,11.0,0.0,15.0,21.0,17.0,17.0,16.0,21.0,15.0,22.0,14.0,30.0,27.0,25.0,27.0,17.0,18.0,19.0,22.0,24.0,20.0,15.0,15.0,19.0,22.0,18.0,22.0
81,OH,AAAAęAAķvvkpHkHkkNèùZø,,,,,,,,,,,,,,,,,,,,,,,,,,,,,,,,,,,,,,,,,,,,,,,,,,,,,,,,,,,,,,,,,,,,,,,,,,,,,,,,,,,,,,,,,,,WB64,,,,,,,,,,,,,,,,,21.0,16.0,21.0,21.0,20.0,26.0,23.0,23.0,20.0,16.0,31.0,21.0,20.0,19.0,18.0,20.0,23.0,28.0,27.0,24.0,28.0,30.0,23.0,20.0,18.0,23.0,22.0,29.0,24.0,12.0,19.0,19.0,21.0,20.0,20.0,19.0,11.0,21.0,16.0,22.0,33.0,14.0,27.0,29.0,14.0,13.0,22.0,14.0,17.0,24.0,17.0,24.0,15.0,25.0,30.0,17.0,21.0,13.0,14.0,21.0,26.0,27.0,15.0,14.0,25.0,16.0,15.0,25.0,17.0,18.0,20.0,19.0,25.0,32.0,19.0,23.0,36.0,22.0,24.0,18.0,17.0,19.0,28.0,14.0,16.0,22.0,24.0,18.0,20.0,13.0,36.0,30.0,22.0,29.0,0.0,20.0,21.0,25.0,27.0,23.0,19.0,17.0,22.0,23.0,22.0,24.0
82,OH,AAAAķķZùkZZZpAAèèNø,,,,,,,,,,,,,,,,,,,,,,,,,,,,,,,,,,,,,,,,,,,,,,,,,,,,,PO07,,,,,,,,,,,,,,,,,,,,,,,,,,,,,,,,,,,,,,,,,,,,,,,,,,,,,,,20.0,15.0,17.0,18.0,17.0,26.0,21.0,19.0,17.0,15.0,30.0,15.0,17.0,14.0,16.0,19.0,23.0,30.0,29.0,23.0,26.0,31.0,25.0,21.0,15.0,20.0,22.0,27.0,20.0,14.0,15.0,15.0,20.0,17.0,18.0,17.0,14.0,20.0,14.0,20.0,33.0,16.0,30.0,28.0,14.0,16.0,18.0,14.0,16.0,26.0,17.0,25.0,12.0,24.0,33.0,18.0,20.0,13.0,14.0,19.0,23.0,32.0,13.0,14.0,22.0,13.0,14.0,25.0,17.0,16.0,18.0,18.0,23.0,29.0,17.0,22.0,36.0,22.0,22.0,16.0,17.0,17.0,27.0,0.0,16.0,21.0,20.0,14.0,20.0,11.0,34.0,27.0,20.0,29.0,14.0,16.0,17.0,24.0,25.0,21.0,15.0,16.0,21.0,19.0,20.0,20.0
83,OH,AAAøBBBBGGddùoøooòQø,,,,BG11,,,,,,,,,,,,,,,,,,,,,,,,,,,,,,,,,,,,,,,,,,,,,,,,,,,,,,,,,,,,,,,,,,,,,,,,,,,,,,,,,,,,,,,,,,,,,,,,,,,,,,,,23.0,17.0,16.0,20.0,20.0,28.0,22.0,23.0,19.0,17.0,32.0,15.0,20.0,16.0,19.0,25.0,23.0,32.0,29.0,23.0,29.0,31.0,25.0,19.0,18.0,24.0,24.0,30.0,24.0,17.0,16.0,17.0,18.0,17.0,17.0,18.0,17.0,20.0,17.0,22.0,32.0,18.0,29.0,29.0,13.0,17.0,21.0,17.0,17.0,28.0,17.0,27.0,17.0,28.0,31.0,20.0,19.0,17.0,16.0,21.0,25.0,28.0,15.0,17.0,25.0,15.0,15.0,27.0,17.0,15.0,19.0,18.0,22.0,25.0,19.0,18.0,34.0,19.0,23.0,0.0,11.0,21.0,22.0,16.0,16.0,21.0,19.0,17.0,19.0,16.0,36.0,25.0,22.0,31.0,18.0,16.0,18.0,21.0,20.0,21.0,15.0,16.0,17.0,22.0,19.0,21.0
84,OH,AAGAAddùoøoNòNøBBZZZopèùNø,,,,,,BG14,,,,,,,,,,,,,,,,,,,,,,,,,,,,,,,,,,,,,,,,,,,,,,,,,,,,,,,,,,,,,,,,,,,,,,,,,,,,,,,,,,,,,,,,,,,,,,,,,,,,,,22.0,20.0,24.0,22.0,25.0,25.0,21.0,22.0,21.0,21.0,26.0,20.0,24.0,21.0,20.0,23.0,24.0,29.0,32.0,25.0,26.0,30.0,25.0,21.0,21.0,23.0,25.0,29.0,23.0,19.0,22.0,22.0,21.0,23.0,22.0,22.0,21.0,23.0,20.0,22.0,32.0,23.0,31.0,29.0,21.0,22.0,21.0,21.0,22.0,27.0,23.0,25.0,19.0,26.0,30.0,25.0,23.0,20.0,21.0,20.0,25.0,28.0,20.0,21.0,22.0,21.0,19.0,25.0,23.0,23.0,23.0,25.0,26.0,29.0,18.0,19.0,32.0,23.0,18.0,21.0,15.0,0.0,24.0,17.0,20.0,15.0,26.0,16.0,22.0,19.0,31.0,25.0,20.0,29.0,19.0,22.0,23.0,25.0,27.0,24.0,19.0,21.0,23.0,23.0,23.0,21.0
85,OH,AAęęęęęęAAHpBBdNøòNø,,,,,,,,,,,,,,,,,,,,,,,,,,,,,,,,,,,,,,,,,,,,,,,,,,,,,,PO60,,,,,,,,,,,,,,,,,,,,,,,,,,,,,,,,,,,,,,,,,,,,,,,,,,,,,,22.0,17.0,19.0,18.0,18.0,26.0,22.0,21.0,17.0,17.0,31.0,19.0,20.0,16.0,19.0,24.0,22.0,29.0,29.0,22.0,28.0,30.0,22.0,22.0,18.0,23.0,22.0,30.0,23.0,16.0,17.0,18.0,18.0,19.0,18.0,18.0,16.0,20.0,17.0,21.0,31.0,17.0,30.0,29.0,17.0,17.0,22.0,16.0,18.0,27.0,17.0,26.0,16.0,27.0,30.0,17.0,19.0,15.0,16.0,20.0,23.0,31.0,15.0,16.0,25.0,17.0,15.0,25.0,17.0,17.0,18.0,18.0,25.0,30.0,17.0,20.0,34.0,22.0,22.0,16.0,17.0,20.0,25.0,16.0,0.0,21.0,21.0,17.0,21.0,14.0,36.0,26.0,23.0,29.0,16.0,19.0,20.0,23.0,23.0,22.0,16.0,18.0,20.0,21.0,19.0,22.0
86,OH,ABAZvoøoNøZGGLNø,,,,,,,,,,,,,,,,,,,,,,,,,,,,,,,,,,,,,,,,,,,,,,,,,,,,,,,,,PO74,,,,,,,,,,,,,,,,,,,,,,,,,,,,,,,,,,,,,,,,,,,,,,,,,,,22.0,15.0,15.0,19.0,15.0,27.0,21.0,20.0,15.0,17.0,32.0,14.0,14.0,13.0,16.0,23.0,22.0,30.0,30.0,23.0,29.0,33.0,26.0,23.0,17.0,21.0,22.0,30.0,24.0,13.0,15.0,13.0,16.0,15.0,15.0,16.0,13.0,18.0,14.0,20.0,30.0,15.0,30.0,26.0,15.0,13.0,22.0,15.0,13.0,28.0,13.0,27.0,11.0,26.0,29.0,16.0,17.0,11.0,12.0,19.0,24.0,29.0,12.0,13.0,25.0,16.0,12.0,26.0,12.0,13.0,12.0,15.0,23.0,27.0,15.0,17.0,32.0,19.0,19.0,17.0,15.0,16.0,18.0,14.0,17.0,20.0,22.0,0.0,19.0,11.0,34.0,26.0,20.0,30.0,18.0,15.0,18.0,22.0,24.0,19.0,13.0,15.0,19.0,19.0,18.0,19.0
87,OH,BBBAAABBBBkBBopAAùNøòNøAAGvQp,,,,,,,,,,,,,,,,,,,,,,,,,,,,,,,,,,,,,,,,,,,,,,,,,,,,,,,,PO65,,,,,,,,,,,,,,,,,,,,,,,,,,,,,,,,,,,,,,,,,,,,,,,,,,,,24.0,26.0,23.0,23.0,25.0,25.0,25.0,24.0,25.0,24.0,28.0,21.0,28.0,20.0,25.0,19.0,25.0,28.0,27.0,27.0,29.0,32.0,27.0,20.0,24.0,25.0,25.0,31.0,27.0,23.0,22.0,24.0,20.0,26.0,26.0,26.0,24.0,22.0,24.0,23.0,28.0,22.0,30.0,30.0,24.0,22.0,23.0,25.0,24.0,25.0,26.0,29.0,25.0,27.0,33.0,25.0,22.0,24.0,25.0,23.0,28.0,31.0,22.0,25.0,25.0,21.0,23.0,27.0,26.0,22.0,28.0,24.0,26.0,29.0,25.0,27.0,34.0,22.0,23.0,19.0,21.0,26.0,25.0,20.0,21.0,20.0,0.0,22.0,23.0,21.0,33.0,28.0,24.0,27.0,24.0,23.0,23.0,27.0,26.0,20.0,25.0,24.0,23.0,21.0,25.0,24.0
88,OH,BBBBBBCCCCCCCCUUZpèTSø,,,,,,,,,,,,,,,,,,,,,,,,,,,,,,,,,,,,,,,,,,,,,,,,,,,,,,,,,,,,,,,,,,,,,,,,,,,,,,,,,,,,,WB02,,,,,,,,,,,,,,,,,,,,,,,27.0,21.0,18.0,23.0,20.0,31.0,23.0,21.0,21.0,22.0,31.0,16.0,20.0,19.0,22.0,23.0,26.0,33.0,27.0,24.0,32.0,32.0,27.0,20.0,21.0,23.0,20.0,29.0,26.0,21.0,19.0,19.0,19.0,21.0,21.0,18.0,22.0,19.0,20.0,20.0,29.0,20.0,32.0,29.0,22.0,20.0,24.0,18.0,17.0,31.0,19.0,29.0,19.0,28.0,28.0,20.0,16.0,21.0,20.0,23.0,28.0,33.0,21.0,18.0,29.0,22.0,20.0,28.0,19.0,17.0,20.0,14.0,26.0,29.0,22.0,25.0,31.0,21.0,21.0,19.0,22.0,22.0,27.0,20.0,21.0,27.0,23.0,19.0,0.0,20.0,38.0,25.0,19.0,34.0,20.0,18.0,21.0,24.0,27.0,23.0,21.0,16.0,22.0,20.0,16.0,17.0
89,OH,BBGGdoøoNøZGddoøddoNøddGGLQoNø,,,,,,,BG63,,,,,,,,,,,,,,,,,,,,,,,,,,,,,,,,,,,,,,,,,,,,,,,,,,,,,,,,,,,,,,,,,,,,,,,,,,,,,,,,,,,,,,,,,,,,,,,,,,,,,25.0,28.0,25.0,26.0,29.0,30.0,25.0,25.0,25.0,29.0,32.0,25.0,28.0,26.0,27.0,28.0,28.0,30.0,28.0,28.0,28.0,35.0,30.0,27.0,29.0,28.0,30.0,32.0,30.0,27.0,28.0,26.0,21.0,22.0,28.0,27.0,28.0,25.0,28.0,29.0,33.0,25.0,33.0,31.0,26.0,26.0,28.0,28.0,25.0,31.0,26.0,30.0,27.0,29.0,33.0,26.0,26.0,28.0,27.0,26.0,28.0,32.0,27.0,28.0,25.0,27.0,28.0,27.0,25.0,25.0,24.0,26.0,26.0,25.0,28.0,26.0,28.0,25.0,26.0,22.0,21.0,24.0,0.0,27.0,25.0,23.0,25.0,18.0,27.0,27.0,31.0,27.0,25.0,34.0,28.0,26.0,23.0,26.0,26.0,21.0,24.0,24.0,23.0,23.0,23.0,23.0
90,OH,CCCCGGGZpAèTNøZGZToøoNòNøAAèèAAAAkvvkpTZN,,,,,,,,,,,,,,,,,,,,,,,,,,,,,,,,,,,,,,,,,,,,,,,,,,,,,,,,,,,,,,,,,,,,,,,,,,,,,,,,,,,,,,,WB10,,,,,,,,,,,,,,,,,,,,,32.0,38.0,37.0,33.0,37.0,36.0,35.0,36.0,36.0,37.0,35.0,36.0,35.0,36.0,35.0,34.0,32.0,36.0,37.0,36.0,33.0,37.0,38.0,39.0,38.0,35.0,36.0,35.0,37.0,35.0,35.0,38.0,34.0,36.0,40.0,35.0,35.0,36.0,38.0,37.0,35.0,35.0,36.0,35.0,35.0,35.0,32.0,38.0,37.0,31.0,38.0,35.0,37.0,28.0,37.0,36.0,39.0,36.0,37.0,31.0,37.0,34.0,33.0,37.0,31.0,36.0,36.0,29.0,38.0,38.0,37.0,40.0,36.0,37.0,33.0,37.0,36.0,37.0,30.0,36.0,30.0,31.0,31.0,34.0,36.0,29.0,33.0,34.0,38.0,33.0,0.0,34.0,34.0,37.0,36.0,35.0,35.0,33.0,33.0,33.0,35.0,39.0,36.0,34.0,35.0,37.0
91,OH,GGGBBBBkkLLvpMN,,,,,,,,,,,,,,,,,,,,,,,,,,,,,,,,,,,,,,,,,,,,,,,,,,,,,,,,,,,,,,,,,,,,,,,,,,,,,,,,,,,,,,,,,,,,WB70,,,,,,,,,,,,,,,,20.0,18.0,16.0,22.0,15.0,29.0,19.0,20.0,15.0,20.0,32.0,13.0,14.0,13.0,18.0,24.0,20.0,31.0,29.0,22.0,27.0,34.0,25.0,21.0,18.0,24.0,21.0,32.0,27.0,16.0,16.0,13.0,18.0,13.0,14.0,18.0,16.0,14.0,16.0,22.0,31.0,17.0,31.0,30.0,16.0,14.0,19.0,18.0,16.0,26.0,14.0,26.0,15.0,26.0,30.0,17.0,15.0,14.0,15.0,18.0,24.0,28.0,14.0,16.0,25.0,18.0,13.0,24.0,14.0,15.0,14.0,14.0,23.0,28.0,22.0,21.0,32.0,19.0,22.0,16.0,18.0,22.0,26.0,16.0,19.0,27.0,23.0,15.0,18.0,14.0,35.0,27.0,11.0,33.0,20.0,0.0,18.0,23.0,24.0,20.0,14.0,19.0,20.0,19.0,19.0,21.0
92,OH,GGGBBBBkkLLvpMpAAAGZGpZùNø,,,,,,,,,,,,,,,,,,,,,,,,,,,,,,,,,,,,,,,,,,,,,,,,,,,,,,,,,,,,,,,,,,,,,,,,,,,,,,,,,,,,,,,,,WB52,,,,,,,,,,,,,,,,,,,22.0,23.0,21.0,25.0,20.0,32.0,23.0,22.0,21.0,25.0,29.0,19.0,23.0,21.0,26.0,22.0,23.0,33.0,27.0,23.0,24.0,32.0,26.0,23.0,23.0,23.0,22.0,29.0,25.0,23.0,19.0,18.0,19.0,22.0,24.0,25.0,24.0,23.0,24.0,22.0,30.0,21.0,29.0,28.0,24.0,20.0,21.0,24.0,21.0,25.0,23.0,27.0,23.0,25.0,32.0,21.0,21.0,23.0,24.0,21.0,28.0,32.0,22.0,24.0,25.0,21.0,22.0,22.0,23.0,19.0,21.0,20.0,23.0,28.0,23.0,24.0,34.0,22.0,23.0,22.0,25.0,20.0,25.0,20.0,23.0,28.0,24.0,20.0,19.0,20.0,34.0,25.0,0.0,30.0,22.0,11.0,22.0,26.0,27.0,21.0,24.0,25.0,21.0,19.0,22.0,21.0
93,OH,NøAABBoøoNòNøAACCķķLLpBBèù,,,BG07,,,,,,,,,,,,,,,,,,,,,,,,,,,,,,,,,,,,,,,,,,,,,,,,,,,,,,,,,,,,,,,,,,,,,,,,,,,,,,,,,,,,,,,,,,,,,,,,,,,,,,,,,25.0,24.0,24.0,24.0,24.0,27.0,26.0,24.0,24.0,22.0,33.0,23.0,24.0,22.0,21.0,23.0,24.0,30.0,31.0,23.0,29.0,33.0,27.0,22.0,23.0,25.0,24.0,29.0,25.0,22.0,22.0,21.0,18.0,25.0,25.0,23.0,22.0,24.0,23.0,21.0,33.0,22.0,29.0,27.0,23.0,22.0,22.0,23.0,22.0,26.0,22.0,29.0,21.0,26.0,31.0,22.0,22.0,21.0,21.0,22.0,27.0,32.0,22.0,22.0,25.0,22.0,21.0,26.0,22.0,21.0,24.0,22.0,27.0,29.0,18.0,23.0,32.0,22.0,0.0,23.0,20.0,18.0,26.0,22.0,22.0,23.0,23.0,19.0,21.0,22.0,30.0,28.0,23.0,31.0,24.0,22.0,24.0,27.0,27.0,23.0,21.0,22.0,24.0,24.0,24.0,24.0
94,OH,ZBZAAAAAAAAAAAAAAAAAZøoZBBAvNøķķLLvZZ,,,,,,,,,,,,,,,,,,,,,,,,,,,,,,,,,,,,,,,,,,,,,,,,,,,,,,,,,,,,,,,,,,,,,,,,,,,,,,,,,,,,,,,,,,WB60,,,,,,,,,,,,,,,,,,29.0,31.0,33.0,31.0,32.0,26.0,31.0,29.0,30.0,27.0,30.0,33.0,30.0,29.0,30.0,26.0,29.0,31.0,34.0,31.0,32.0,33.0,32.0,26.0,32.0,29.0,30.0,32.0,28.0,27.0,31.0,32.0,30.0,33.0,35.0,32.0,29.0,32.0,31.0,29.0,29.0,28.0,32.0,28.0,30.0,30.0,28.0,32.0,32.0,27.0,35.0,32.0,30.0,30.0,34.0,30.0,33.0,31.0,31.0,30.0,31.0,29.0,28.0,31.0,28.0,26.0,29.0,30.0,34.0,33.0,35.0,35.0,30.0,35.0,27.0,32.0,33.0,29.0,31.0,31.0,27.0,29.0,34.0,29.0,29.0,27.0,27.0,30.0,34.0,26.0,37.0,30.0,30.0,0.0,29.0,33.0,31.0,32.0,32.0,30.0,32.0,31.0,33.0,32.0,32.0,33.0
95,OH,ZZBBBBvvkkNèùNøCCZZZBBddoøoZòNøAA,,,,,,,,,,,,,,,,,,,,,,,,,,,,,,,,,,,,,,,,,,,,,,,,,,,,,,,,,,,,,,,,,,,,,,,,,,,,,,,,,,,,,,,,WB51,,,,,,,,,,,,,,,,,,,,30.0,27.0,27.0,30.0,32.0,29.0,30.0,24.0,30.0,31.0,29.0,25.0,27.0,27.0,30.0,26.0,28.0,34.0,32.0,30.0,33.0,34.0,29.0,28.0,31.0,28.0,26.0,32.0,28.0,29.0,29.0,29.0,23.0,26.0,29.0,28.0,30.0,27.0,30.0,28.0,29.0,30.0,31.0,29.0,31.0,29.0,31.0,30.0,28.0,33.0,29.0,30.0,29.0,31.0,31.0,30.0,25.0,30.0,30.0,31.0,27.0,35.0,31.0,30.0,31.0,32.0,29.0,29.0,29.0,27.0,30.0,26.0,27.0,28.0,27.0,27.0,30.0,25.0,28.0,25.0,27.0,25.0,27.0,27.0,26.0,26.0,28.0,26.0,25.0,30.0,34.0,0.0,25.0,30.0,30.0,27.0,27.0,27.0,29.0,28.0,30.0,28.0,26.0,25.0,25.0,24.0
96,TX,AAAAACCCCCCGGYNdddQo,,,,,,,,,,,,,,,,,,,,,,,,,,,,,,,,,,,,,,,,,,,,,,,,,,,,,,,,,,,,,,,,,,,,,,,,,,,,,T1712,,,,,,,,,,,,,,,,,,,,,,,,,,,,,,,21.0,17.0,20.0,19.0,19.0,27.0,22.0,23.0,18.0,15.0,32.0,20.0,20.0,17.0,17.0,24.0,23.0,27.0,32.0,23.0,29.0,26.0,25.0,21.0,16.0,24.0,25.0,25.0,24.0,15.0,18.0,17.0,16.0,20.0,19.0,15.0,15.0,20.0,15.0,19.0,31.0,17.0,28.0,24.0,15.0,16.0,22.0,12.0,16.0,27.0,16.0,25.0,14.0,24.0,28.0,20.0,21.0,15.0,13.0,20.0,27.0,28.0,13.0,12.0,24.0,14.0,15.0,25.0,16.0,16.0,15.0,16.0,23.0,26.0,19.0,20.0,32.0,21.0,22.0,16.0,15.0,21.0,24.0,16.0,18.0,22.0,24.0,15.0,16.0,14.0,39.0,28.0,25.0,31.0,17.0,19.0,18.0,18.0,22.0,21.0,17.0,0.0,17.0,21.0,12.0,19.0
97,TX,AAGGGoYZQopoBB,,,,,,,,,,,,,,,,,,,,,,,,,,,,,,,,,,,,,,,,,,,,,,,,,,,,,,,,,,,,,,,,,,,,,,,,,,,,T1711,,,,,,,,,,,,,,,,,,,,,,,,,,,,,,,,20.0,15.0,15.0,19.0,14.0,27.0,20.0,20.0,14.0,16.0,32.0,15.0,15.0,13.0,16.0,25.0,24.0,30.0,32.0,22.0,27.0,31.0,23.0,20.0,16.0,22.0,22.0,30.0,20.0,14.0,15.0,12.0,18.0,13.0,14.0,15.0,15.0,19.0,16.0,23.0,31.0,15.0,31.0,28.0,13.0,14.0,21.0,17.0,13.0,28.0,12.0,25.0,13.0,25.0,32.0,18.0,19.0,11.0,13.0,18.0,24.0,29.0,12.0,15.0,24.0,15.0,12.0,24.0,12.0,16.0,13.0,18.0,25.0,29.0,17.0,20.0,33.0,22.0,21.0,15.0,15.0,19.0,24.0,15.0,16.0,22.0,25.0,13.0,21.0,11.0,35.0,30.0,24.0,32.0,19.0,14.0,20.0,20.0,23.0,20.0,0.0,17.0,18.0,21.0,18.0,19.0
98,TX,AAZZBBGGBBZGGMoYNddTNZXNH,,,,,,,,,,,,,,,,,,,,,,,,,,,,,,,,,,,,,,,,,,,,,,,,,,,,,,,,,,,,,,,,,,,,,,,,,,,,,,T1911,,,,,,,,,,,,,,,,,,,,,,,,,,,,,,22.0,20.0,21.0,20.0,23.0,28.0,19.0,22.0,22.0,23.0,31.0,20.0,21.0,21.0,20.0,26.0,23.0,30.0,31.0,23.0,28.0,27.0,26.0,23.0,22.0,22.0,22.0,28.0,27.0,20.0,22.0,20.0,15.0,16.0,22.0,19.0,22.0,20.0,21.0,21.0,33.0,20.0,30.0,29.0,20.0,21.0,20.0,22.0,20.0,25.0,20.0,27.0,21.0,26.0,30.0,22.0,21.0,22.0,21.0,22.0,23.0,29.0,18.0,22.0,26.0,20.0,20.0,26.0,20.0,17.0,22.0,20.0,16.0,23.0,22.0,22.0,25.0,18.0,24.0,17.0,19.0,23.0,23.0,21.0,20.0,23.0,23.0,19.0,22.0,21.0,36.0,26.0,21.0,33.0,22.0,20.0,17.0,20.0,20.0,21.0,18.0,17.0,0.0,16.0,15.0,16.0
99,TX,AAffBZBBZkZkZZoXNZddvNLo,,,,,,,,,,,,,,,,,,,,,,,,,,,,,,,,,,,,,,,,,,,,,,,,,,,,,,,,,,,,,,,,,,,,,,,,T011,,,,,,,,,,,,,,,,,,,,,,,,,,,,,,,,,,,,23.0,19.0,19.0,20.0,23.0,29.0,18.0,20.0,21.0,21.0,31.0,18.0,19.0,20.0,19.0,22.0,25.0,29.0,26.0,25.0,27.0,30.0,26.0,22.0,22.0,21.0,23.0,26.0,25.0,19.0,21.0,20.0,18.0,20.0,21.0,20.0,21.0,23.0,20.0,22.0,33.0,22.0,32.0,30.0,21.0,20.0,21.0,21.0,20.0,28.0,21.0,28.0,19.0,27.0,32.0,22.0,19.0,21.0,21.0,22.0,22.0,32.0,20.0,21.0,27.0,21.0,19.0,26.0,21.0,18.0,23.0,20.0,14.0,22.0,20.0,18.0,29.0,15.0,24.0,18.0,19.0,23.0,23.0,17.0,20.0,22.0,23.0,18.0,21.0,19.0,35.0,27.0,22.0,31.0,21.0,18.0,0.0,20.0,22.0,18.0,20.0,18.0,17.0,13.0,14.0,18.0
100,TX,BBAAGGoYNBBddLoXNHAAGddvNL,,,,,,,,,,,,,,,,,,,,,,,,,,,,,,,,,,,,,,,,,,,,,,,,,,,,,,,,,,,,,,,,,,,,,,,,,,,T1011,,,,,,,,,,,,,,,,,,,,,,,,,,,,,,,,,21.0,23.0,22.0,22.0,23.0,25.0,19.0,21.0,22.0,22.0,26.0,20.0,24.0,18.0,21.0,23.0,24.0,24.0,26.0,24.0,26.0,33.0,26.0,21.0,23.0,25.0,25.0,30.0,26.0,22.0,20.0,21.0,20.0,18.0,23.0,22.0,22.0,20.0,21.0,24.0,30.0,20.0,29.0,28.0,20.0,19.0,20.0,22.0,18.0,24.0,21.0,25.0,22.0,24.0,30.0,22.0,20.0,22.0,21.0,20.0,26.0,29.0,21.0,22.0,23.0,20.0,20.0,24.0,21.0,19.0,21.0,20.0,23.0,26.0,19.0,19.0,26.0,20.0,23.0,21.0,20.0,24.0,21.0,21.0,22.0,23.0,20.0,19.0,23.0,20.0,33.0,28.0,21.0,30.0,23.0,20.0,18.0,23.0,23.0,0.0,20.0,21.0,21.0,20.0,20.0,20.0
101,TX,BBBBZkZkZMoXNAAddMNHoXNH,,,,,,,,,,,,,,,,,,,,,,,,,,,,,,,,,,,,,,,,,,,,,,,,,,,,,,,,,,,,,,,,,,,,,,,,,,,,,,,T2412,,,,,,,,,,,,,,,,,,,,,,,,,,,,,24.0,22.0,19.0,22.0,22.0,26.0,23.0,20.0,21.0,24.0,29.0,17.0,20.0,19.0,21.0,21.0,23.0,29.0,26.0,24.0,26.0,32.0,26.0,24.0,23.0,24.0,23.0,30.0,24.0,22.0,18.0,20.0,16.0,17.0,22.0,19.0,22.0,20.0,22.0,23.0,29.0,18.0,30.0,28.0,22.0,18.0,21.0,22.0,20.0,28.0,21.0,30.0,22.0,27.0,31.0,18.0,18.0,21.0,22.0,21.0,27.0,33.0,21.0,22.0,23.0,22.0,22.0,25.0,21.0,21.0,23.0,17.0,16.0,23.0,18.0,22.0,28.0,19.0,24.0,22.0,22.0,23.0,23.0,19.0,21.0,27.0,21.0,19.0,20.0,21.0,34.0,25.0,19.0,32.0,23.0,19.0,13.0,23.0,22.0,20.0,21.0,21.0,16.0,0.0,16.0,12.0
102,TX,BBBBffCCGZoYNZZddZMZoXNH,,,,,,,,,,,,,,,,,,,,,,,,,,,,,,,,,,,,,,,,,,,,,,,,,,,,,,,,,,,,,,,,,,,,,,,,,,,,,,,,,T2712,,,,,,,,,,,,,,,,,,,,,,,,,,,25.0,19.0,19.0,22.0,22.0,28.0,22.0,19.0,20.0,23.0,29.0,17.0,21.0,20.0,20.0,20.0,25.0,29.0,29.0,25.0,30.0,32.0,25.0,22.0,23.0,22.0,19.0,28.0,23.0,20.0,21.0,20.0,17.0,19.0,23.0,22.0,23.0,18.0,22.0,24.0,27.0,20.0,32.0,30.0,21.0,20.0,23.0,21.0,18.0,30.0,20.0,28.0,19.0,26.0,30.0,21.0,19.0,23.0,21.0,22.0,26.0,32.0,21.0,21.0,23.0,22.0,23.0,26.0,20.0,20.0,21.0,17.0,19.0,23.0,22.0,23.0,28.0,21.0,24.0,21.0,22.0,21.0,23.0,20.0,22.0,26.0,24.0,19.0,17.0,22.0,37.0,24.0,21.0,33.0,24.0,21.0,18.0,18.0,20.0,20.0,19.0,19.0,16.0,12.0,14.0,0.0
103,TX,BZBBCCCCGGGMXNdddZNLo,,,,,,,,,,,,,,,,,,,,,,,,,,,,,,,,,,,,,,,,,,,,,,,,,,,,,,,,,,,,,,,,,,,,,,,,,,,,,,,,T2612,,,,,,,,,,,,,,,,,,,,,,,,,,,,25.0,18.0,18.0,22.0,20.0,29.0,22.0,20.0,19.0,21.0,29.0,18.0,19.0,18.0,19.0,23.0,24.0,31.0,30.0,24.0,31.0,27.0,26.0,23.0,21.0,22.0,21.0,27.0,25.0,19.0,19.0,17.0,17.0,16.0,20.0,19.0,20.0,14.0,20.0,24.0,26.0,17.0,30.0,29.0,18.0,18.0,24.0,16.0,16.0,28.0,17.0,27.0,18.0,27.0,28.0,18.0,16.0,20.0,18.0,21.0,26.0,32.0,17.0,16.0,26.0,17.0,20.0,27.0,17.0,17.0,17.0,12.0,23.0,26.0,20.0,20.0,29.0,18.0,24.0,19.0,18.0,23.0,23.0,20.0,19.0,26.0,25.0,18.0,16.0,20.0,35.0,25.0,22.0,32.0,22.0,19.0,14.0,20.0,24.0,20.0,18.0,12.0,15.0,16.0,0.0,14.0
104,TX,CCCCfffAAZBBCCGoYMBdZddLoXN,,,,,,,,,,,,,,,,,,,,,,,,,,,,,,,,,,,,,,,,,,,,,,,,,,,,,,,,,,,,,,,,,,,,,,,,,T012,,,,,,,,,,,,,,,,,,,,,,,,,,,,,,,,,,,25.0,23.0,24.0,23.0,23.0,29.0,25.0,22.0,22.0,24.0,31.0,24.0,25.0,22.0,24.0,26.0,24.0,30.0,32.0,25.0,32.0,30.0,25.0,23.0,25.0,24.0,23.0,25.0,26.0,24.0,23.0,22.0,19.0,21.0,24.0,23.0,24.0,22.0,23.0,24.0,29.0,23.0,33.0,30.0,23.0,24.0,25.0,22.0,21.0,29.0,24.0,29.0,21.0,29.0,26.0,24.0,24.0,24.0,22.0,26.0,24.0,31.0,22.0,22.0,28.0,22.0,22.0,27.0,23.0,22.0,24.0,22.0,19.0,24.0,24.0,23.0,28.0,20.0,27.0,21.0,22.0,25.0,26.0,24.0,23.0,24.0,27.0,22.0,24.0,24.0,33.0,27.0,26.0,32.0,25.0,23.0,20.0,0.0,5.0,23.0,20.0,18.0,20.0,23.0,20.0,18.0
105,TX,CCCCffffAAZBBBBGoYMBdAddLoXNH,,,,,,,,,,,,,,,,,,,,,,,,,,,,,,,,,,,,,,,,,,,,,,,,,,,,,,,,,,,,,,,,,,,,,,,,,,T031,,,,,,,,,,,,,,,,,,,,,,,,,,,,,,,,,,26.0,26.0,26.0,23.0,25.0,28.0,27.0,24.0,24.0,26.0,31.0,24.0,28.0,23.0,25.0,28.0,25.0,30.0,32.0,26.0,31.0,31.0,26.0,24.0,26.0,24.0,25.0,27.0,26.0,26.0,24.0,25.0,19.0,23.0,27.0,25.0,25.0,21.0,24.0,26.0,30.0,24.0,33.0,31.0,24.0,25.0,25.0,25.0,24.0,29.0,25.0,28.0,25.0,29.0,26.0,25.0,25.0,25.0,24.0,27.0,25.0,31.0,24.0,25.0,28.0,23.0,23.0,28.0,24.0,22.0,26.0,24.0,19.0,24.0,24.0,23.0,29.0,22.0,27.0,20.0,24.0,27.0,26.0,25.0,23.0,26.0,26.0,24.0,27.0,25.0,33.0,29.0,27.0,32.0,27.0,24.0,22.0,5.0,0.0,23.0,23.0,22.0,20.0,22.0,24.0,20.0
